id,first_name,last_name,email,password
1,Daryl,Lory,_1@mail.com,GEjGgfqU
2,Cyb,Emmy,_2@mail.com,lVXNXnG
3,Maridel,Delp,_3@mail.com,WdoetT
4,Cathie,Abernon,_4@mail.com,AHXcsZ
5,Micheline,Slifka,_5@mail.com,mSeHeB
6,Agnese,Pozzy,_6@mail.com,YyDTZj
7,Gui,Maroney,_7@mail.com,bkVwVBw
8,Tilly,Girardo,_8@mail.com,ElhxbMGe
9,Elise,Tristram,_9@mail.com,VXYyId
10,Bertine,Yuille,_10@mail.com,WeIJpx
11,Averyl,Corilla,_11@mail.com,zYjxlHD
12,Florencia,Faust,_12@mail.com,OdSGzeY
13,Sophia,Nickola,_13@mail.com,qpVyLxLB
14,Gretal,Paton,_14@mail.com,plTPQYX
15,Arlina,Arquit,_15@mail.com,lKTqBU
16,Helsa,Ingra,_16@mail.com,gQPGtZ
17,Elmira,Alva,_17@mail.com,idBeVC
18,Sam,Kathie,_18@mail.com,pOTeJJX
19,Verla,Hieronymus,_19@mail.com,RLdgSU
20,Bernie,Prober,_20@mail.com,hYXxXSRj
21,Mariele,Brackely,_21@mail.com,VifPUf
22,Roz,Afton,_22@mail.com,hfoJkuc
23,Fanchon,Vivle,_23@mail.com,HliDEf
24,Margette,Kermit,_24@mail.com,shkdCaMg
25,Catrina,Curren,_25@mail.com,iJPSqE
26,Lenna,Lewes,_26@mail.com,zZHaTQE
27,Amara,Sisile,_27@mail.com,TopvXdeU
28,Asia,Urania,_28@mail.com,ydastZ
29,Corina,Holtz,_29@mail.com,cBIEUy
30,Basia,Ellerey,_30@mail.com,hkIZkBRr
31,Rosaline,Ailyn,_31@mail.com,MLtbdCZL
32,Elora,Izaak,_32@mail.com,wknZUNo
33,Dorene,Ailyn,_33@mail.com,hKVFuumV
34,Cassondra,Zaslow,_34@mail.com,jboTviwE
35,Maryellen,Letsou,_35@mail.com,ENDbLV
36,Jacquetta,Gualtiero,_36@mail.com,AyELgk
37,Roseline,Boycey,_37@mail.com,bHbSPF
38,Madelle,Zetta,_38@mail.com,DaDaqMpa
39,Sue,Bakerman,_39@mail.com,CjUXqUEU
40,Shandie,Tengdin,_40@mail.com,SDYxyiaw
41,Valeda,Hurley,_41@mail.com,IrziTR
42,Nickie,Martsen,_42@mail.com,ULCmaWnY
43,Aurore,Orpah,_43@mail.com,DZJGWuu
44,Adore,Land,_44@mail.com,vhCTRsr
45,Augustine,Wandie,_45@mail.com,gmmFzE
46,Estell,Ledah,_46@mail.com,FqCUnF
47,Dede,Gemini,_47@mail.com,sOzZDb
48,Charmaine,Arvo,_48@mail.com,WWkQmi
49,Rosanne,Maples,_49@mail.com,JQyxAz
50,Sandie,Morgun,_50@mail.com,cZdjuZYy
51,Max,Felecia,_51@mail.com,HtylKOj
52,Lorie,Buttaro,_52@mail.com,oaUOxGkT
53,Dawn,Pillsbury,_53@mail.com,YEEZXt
54,Molli,Crudden,_54@mail.com,bqucYA
55,Jillayne,Hurley,_55@mail.com,efXHhrVW
56,Tarra,Atonsah,_56@mail.com,tpdPFlGl
57,Maryellen,Lorenz,_57@mail.com,dtNFQm
58,Fayre,Vivle,_58@mail.com,jwIjBm
59,Karolina,Hoenack,_59@mail.com,efjzyeZ
60,Alyda,Peti,_60@mail.com,ABiSSs
61,Konstance,Phi,_61@mail.com,AoiGZpPl
62,Chrystel,Anastatius,_62@mail.com,AStcTYO
63,Genovera,Tatianas,_63@mail.com,thqlbS
64,Ottilie,Havens,_64@mail.com,NWVyCObI
65,Sharlene,Dreda,_65@mail.com,Ugrtwkcf
66,Kate,Huggins,_66@mail.com,ZIiNcJg
67,Kalina,Anton,_67@mail.com,gIzaARiR
68,Rubie,Suk,_68@mail.com,iUCbnB
69,Minda,Lytton,_69@mail.com,quaoXdWO
70,Maridel,Korey,_70@mail.com,QmGpJsq
71,Monika,Ashok,_71@mail.com,RgHEIsg
72,Brena,Cleavland,_72@mail.com,DfOWolz
73,Tybie,Eldrid,_73@mail.com,eOifPnOA
74,Shel,Arvo,_74@mail.com,mIpWaQqf
75,Phylis,Wilkinson,_75@mail.com,DyALYR
76,Aimil,Weide,_76@mail.com,wrESflW
77,Merrie,Anton,_77@mail.com,LFXLDNO
78,Ivett,Kat,_78@mail.com,JpzMHvjR
79,Sherrie,Pernick,_79@mail.com,LYQRMHab
80,Modestia,Johanna,_80@mail.com,VJxTjgyw
81,Danika,Bronk,_81@mail.com,qjAhvcr
82,Cathie,Mehalek,_82@mail.com,swAEItc
83,Meriel,Trinetta,_83@mail.com,oiROOZxS
84,Christy,Sabella,_84@mail.com,ekMeqrCj
85,Maisey,Othilia,_85@mail.com,RmWBtQ
86,Genevra,Bonilla,_86@mail.com,zvWLhNa
87,Jacquetta,Berard,_87@mail.com,hjKCUk
88,Joelly,Fillbert,_88@mail.com,YjxkHA
89,Fernande,Nunci,_89@mail.com,iKHqTZia
90,Aurore,Kolnick,_90@mail.com,iIWccM
91,Beatriz,Linehan,_91@mail.com,gYFqVh
92,Gianina,Lorenz,_92@mail.com,Jqstyx
93,Karly,Ursulette,_93@mail.com,CTMSfxs
94,Mariann,Hamil,_94@mail.com,lWqudIb
95,Carilyn,Jalbert,_95@mail.com,PfnMNw
96,Doro,Tice,_96@mail.com,aOSVQfd
97,Louella,Lindemann,_97@mail.com,EsWnCnUK
98,Claresta,Luhe,_98@mail.com,XtWVmjyq
99,Deane,Sholley,_99@mail.com,aLLtttZ
100,Ardenia,Mayeda,_100@mail.com,GjEEQBd
101,Jere,Brodench,_101@mail.com,QyXPjTo
102,Evita,Gaulin,_102@mail.com,etKFCBg
103,Flo,Natalia,_103@mail.com,sbrbcE
104,Nikki,Abernon,_104@mail.com,uodBEV
105,Atlanta,Palocz,_105@mail.com,ObgpGLIE
106,Vita,Cosenza,_106@mail.com,DEnetXbH
107,Carree,Waldron,_107@mail.com,aiIbark
108,Maye,Ogren,_108@mail.com,EOtWWM
109,Farrah,Argus,_109@mail.com,jxqvIo
110,Marti,Marijo,_110@mail.com,YGKdRX
111,Chastity,Malina,_111@mail.com,hfqvkc
112,Arabel,Korey,_112@mail.com,ZfPexc
113,Deedee,Ardeha,_113@mail.com,cPZfKBGL
114,Shirlee,Alwin,_114@mail.com,FRzrQpe
115,Rosene,Raffo,_115@mail.com,jIuYDzB
116,Amalie,Posner,_116@mail.com,rFNeJWRO
117,Judy,Dash,_117@mail.com,NzlUGo
118,Konstance,Ammann,_118@mail.com,mMpHIksR
119,Sharai,Orpah,_119@mail.com,ZLGKqPSu
120,Berget,Tamsky,_120@mail.com,ISOiSwi
121,Bibby,Ashely,_121@mail.com,PDljaVK
122,Sonni,Fleeta,_122@mail.com,LJoimn
123,Elora,Chapland,_123@mail.com,IxBXpGYb
124,Teriann,Pearse,_124@mail.com,VHrIRzcC
125,Thalia,Freddi,_125@mail.com,dhARpIJY
126,Carol-Jean,Salchunas,_126@mail.com,cRZoRbTM
127,Jenda,Georas,_127@mail.com,iXFUSMX
128,Dotty,Atcliffe,_128@mail.com,bPNSLz
129,Kimmy,Posner,_129@mail.com,mXefVsE
130,Hildegaard,Suanne,_130@mail.com,vwLMov
131,Janenna,Gilmour,_131@mail.com,MhgwziA
132,Dale,Amasa,_132@mail.com,nRBFhsQ
133,Johna,Huggins,_133@mail.com,MiyYUs
134,Imojean,Tufts,_134@mail.com,QyOKZw
135,Bernardine,Dorcy,_135@mail.com,zEobNb
136,Candi,Pip,_136@mail.com,CgsxRqL
137,Ulrike,Ellord,_137@mail.com,DdgDfuA
138,Ulrike,Nahum,_138@mail.com,ZpuRBCCc
139,Rivalee,Bebe,_139@mail.com,AwbrQK
140,Helsa,Faro,_140@mail.com,hCyKPPxm
141,Margette,Imelida,_141@mail.com,YSOgSos
142,Talya,Roxanna,_142@mail.com,mizvcx
143,Dode,Alabaster,_143@mail.com,OtZmikO
144,Barbi,Jacqui,_144@mail.com,svcwnZ
145,Olivette,Ephrem,_145@mail.com,TCeOAr
146,Lorenza,Guthrie,_146@mail.com,NfEtfq
147,Catharine,Bobbee,_147@mail.com,cogUJcH
148,Josephine,Natica,_148@mail.com,MVglyqB
149,Kenna,Modie,_149@mail.com,ZKDOZfEN
150,Nerta,Penelopa,_150@mail.com,DABZWyCN
151,Melina,Wenda,_151@mail.com,ljolUjLe
152,Daryl,Baylor,_152@mail.com,VJrkBjdC
153,Emmey,Madelene,_153@mail.com,FdazeIR
154,Jacenta,Hailee,_154@mail.com,gcZbHpP
155,Babita,Burnside,_155@mail.com,ZmAdTmvS
156,Carlie,Macey,_156@mail.com,ryrKJl
157,Jeanna,Zamora,_157@mail.com,apvazU
158,Jordan,Iphlgenia,_158@mail.com,bajlEmQW
159,Magdalena,Garrison,_159@mail.com,NGdnMS
160,Tressa,Arathorn,_160@mail.com,TOWcUGmo
161,Shaine,Campball,_161@mail.com,KRerLRz
162,Max,Jagir,_162@mail.com,UTKVcD
163,Christy,Weinreb,_163@mail.com,irmdNRt
164,Jobi,McClimans,_164@mail.com,XPbdQhj
165,Wendi,Bord,_165@mail.com,cuhlbHj
166,Briney,Sheng,_166@mail.com,PsBiZU
167,Tani,Narton,_167@mail.com,WoWFOCl
168,Leanna,Holbrook,_168@mail.com,zNxsNYe
169,Charmaine,Saree,_169@mail.com,qmsAvr
170,Bertine,Presber,_170@mail.com,TqXlSkkq
171,Chere,Ophelia,_171@mail.com,bwXWpRM
172,Roxane,Natalia,_172@mail.com,LatGHbsA
173,Dulcinea,Maisey,_173@mail.com,LPrfyoyI
174,Alejandra,Serilda,_174@mail.com,XhvMqc
175,Lyssa,Abernon,_175@mail.com,IrtHzVOh
176,Priscilla,Pierette,_176@mail.com,cKAxroR
177,Vinita,Publia,_177@mail.com,wjcBLW
178,Silvana,Jorgan,_178@mail.com,XxnQvUk
179,Rosanne,Remmer,_179@mail.com,cdWMnBWe
180,Joane,Phi,_180@mail.com,xsVqfT
181,Agathe,Douglass,_181@mail.com,jcTBfNKt
182,Mahalia,Pandolfi,_182@mail.com,UEhbXfh
183,Shaylyn,Leary,_183@mail.com,sUJYHBv
184,Fredericka,Abernon,_184@mail.com,khQtfI
185,Teddie,Mata,_185@mail.com,YkaCCPk
186,Shannah,Vins,_186@mail.com,maWKVc
187,Brietta,Lucienne,_187@mail.com,FQKZZSvw
188,Livvyy,Kauppi,_188@mail.com,OXOyNQu
189,Stacey,Othilia,_189@mail.com,bIDKJLlU
190,Melodie,August,_190@mail.com,seOayEf
191,Nariko,Dom,_191@mail.com,ngQhFkJ
192,Jinny,Merat,_192@mail.com,TpjvmBb
193,Aeriela,Maples,_193@mail.com,qfdCWCp
194,Mireielle,Cavan,_194@mail.com,tfQQxGNS
195,Caritta,Regan,_195@mail.com,qgrnYig
196,Gabriellia,Buckler,_196@mail.com,iOhpPlax
197,Elora,Pelagias,_197@mail.com,RIAEBhoU
198,Katleen,Elbertina,_198@mail.com,YqPnQfC
199,Eugine,Arley,_199@mail.com,WCTrOTR
200,Jennica,Hollingsworth,_200@mail.com,LGmVNX
201,Fanny,Blase,_201@mail.com,pCRnus
202,Ketti,Wyn,_202@mail.com,jQEgKk
203,Paola,Meter,_203@mail.com,GKOXuYyH
204,Lila,Ioab,_204@mail.com,xsoEaVT
205,Tatiania,Braun,_205@mail.com,JlpVOv
206,Nita,Glovsky,_206@mail.com,NxZpMZyf
207,Gerianna,Louanna,_207@mail.com,ZOiEXQLG
208,Isa,Edmund,_208@mail.com,modUEEK
209,Basia,Kravits,_209@mail.com,MEufQY
210,Tami,Marsden,_210@mail.com,dTMjvlS
211,Vonny,Ursulette,_211@mail.com,HuuvMRHm
212,Zsa Zsa,Mott,_212@mail.com,ApOFbqm
213,Cyndie,Orlene,_213@mail.com,uirzPle
214,Jinny,Sancho,_214@mail.com,bnsvINae
215,Bobbi,Alabaster,_215@mail.com,gOoGhI
216,Steffane,Burch,_216@mail.com,Wujzxv
217,Dari,Tippets,_217@mail.com,kMwowPeo
218,Randa,Land,_218@mail.com,UhRVKX
219,Lacie,Heisel,_219@mail.com,FgdvqTLf
220,Katharina,McClimans,_220@mail.com,ZPrFhapL
221,Heddie,Faust,_221@mail.com,jRRjbg
222,Ardys,Allina,_222@mail.com,orCyPu
223,Maurene,Dichy,_223@mail.com,GeEzkjcS
224,Althea,Lay,_224@mail.com,iJbxeBN
225,Ketti,Rad,_225@mail.com,OgczvD
226,Anestassia,Shama,_226@mail.com,ZbHguI
227,Renie,Wildermuth,_227@mail.com,WOKLILH
228,Doro,Armanda,_228@mail.com,APOTbIm
229,Dolli,Tengdin,_229@mail.com,lzRlgRcR
230,Jinny,Francyne,_230@mail.com,AeBzwjgP
231,Lusa,Herrera,_231@mail.com,RJlGqBw
232,Beth,Chapland,_232@mail.com,oZOEmgl
233,Joleen,O'Neill,_233@mail.com,EsAuDM
234,Hildegaard,Roarke,_234@mail.com,TGjUhpT
235,Marnia,Pitt,_235@mail.com,uiCFRR
236,Sean,Stefa,_236@mail.com,uRKozV
237,Lorne,Edmund,_237@mail.com,EwVVPqW
238,Florie,Niles,_238@mail.com,SylzOUr
239,Tracey,Rossner,_239@mail.com,eivtol
240,Shaine,Viddah,_240@mail.com,PfpEvv
241,Daphne,Gaynor,_241@mail.com,nDzXzn
242,Diena,Calhoun,_242@mail.com,iiXawADM
243,Zia,Brunell,_243@mail.com,rLAuYzrb
244,Alyssa,Bettine,_244@mail.com,KJqHKfIt
245,Shaylyn,Allys,_245@mail.com,ssrdbqCj
246,Helena,Sundin,_246@mail.com,kWWlMn
247,Sharlene,Winnick,_247@mail.com,jlATpMlU
248,Wileen,Avi,_248@mail.com,PdvnNZOw
249,Tomasina,Quinn,_249@mail.com,rnSoxnvi
250,Leia,Argus,_250@mail.com,ifnXrb
251,Addia,Melony,_251@mail.com,KnxKkd
252,Jaime,Telfer,_252@mail.com,Hhzsncod
253,Elfreda,Bergman,_253@mail.com,AokVjfVo
254,Lanna,Burnside,_254@mail.com,atcoJYwI
255,Glynnis,Ball,_255@mail.com,IxLsvH
256,Merle,Aida,_256@mail.com,mcOlMV
257,Gabriellia,Karl,_257@mail.com,ILlIXq
258,Estell,Gregrory,_258@mail.com,dFzBUYAV
259,Ellette,O'Carroll,_259@mail.com,UfTQtU
260,Candi,Flita,_260@mail.com,lBpxgQm
261,Aubrie,Pearse,_261@mail.com,OGTNfR
262,Joceline,Earlie,_262@mail.com,dAYyENH
263,Ivett,Gaynor,_263@mail.com,hKUOxlBy
264,Rayna,Kronfeld,_264@mail.com,yLlpqMQh
265,Stacey,Hortensia,_265@mail.com,oMBTkLiY
266,Helsa,Talia,_266@mail.com,ugcvhR
267,Celene,Clarissa,_267@mail.com,CqYWBx
268,Dione,Suanne,_268@mail.com,VHgNBj
269,Viviene,Delacourt,_269@mail.com,xbRVKjK
270,Teddie,Magnolia,_270@mail.com,cdTtEh
271,Hayley,Karylin,_271@mail.com,ZjLMlfl
272,Shaylyn,Chinua,_272@mail.com,lpBzpFb
273,Sophia,Palocz,_273@mail.com,aWVBNNa
274,Loree,Elsinore,_274@mail.com,fDBiLOk
275,Elsie,Liva,_275@mail.com,LOlcAs
276,Fred,Turne,_276@mail.com,ysHOkbT
277,Edyth,Shirberg,_277@mail.com,RpSMjjRb
278,Ethel,Bibi,_278@mail.com,InsxQj
279,Wilma,LaRue,_279@mail.com,TeqazUjU
280,Cassandra,Ephrem,_280@mail.com,oGLMxfMU
281,Alia,Wildermuth,_281@mail.com,HplWbo
282,Tatiania,Gherardo,_282@mail.com,RpkVmtJU
283,Gianina,Malvino,_283@mail.com,ytsjyPCW
284,Yvonne,Kauppi,_284@mail.com,sTjgsLK
285,Sybille,Grobe,_285@mail.com,qOuZisph
286,Carolina,Sammons,_286@mail.com,vVqlJgE
287,Chrystel,Annabella,_287@mail.com,arWGnHl
288,Lolita,Belldas,_288@mail.com,bmzuuX
289,Tami,Gamaliel,_289@mail.com,ZjxtXl
290,Annice,Franza,_290@mail.com,nPuzLGKt
291,Lelah,Syd,_291@mail.com,jPCzjctH
292,Bertine,Carleen,_292@mail.com,kTaAuXw
293,Adore,Schroth,_293@mail.com,LOPnPsI
294,Sidoney,Dawkins,_294@mail.com,obzfXAMo
295,Nelle,Prouty,_295@mail.com,QjFPDka
296,Mildrid,Paine,_296@mail.com,Dufbnl
297,Joane,Pyle,_297@mail.com,QJIDoFh
298,Luci,Hubert,_298@mail.com,ReFVLIOG
299,Rori,Edvard,_299@mail.com,jHvECz
300,Yvonne,Shama,_300@mail.com,btilKNRn
301,Gabi,Mich,_301@mail.com,Gykaer
302,Dulcinea,Lemuela,_302@mail.com,UPjnmp
303,Delilah,Sekofski,_303@mail.com,YGOEFg
304,Lenna,Alcott,_304@mail.com,UNdOwAr
305,Georgina,Rozanna,_305@mail.com,BRYfXAqz
306,Rosabelle,Arvo,_306@mail.com,HEpfiA
307,Nariko,Bultman,_307@mail.com,WJNNWmoF
308,Kassey,Dex,_308@mail.com,VoFvxTfQ
309,Aimil,Isacco,_309@mail.com,ZyyARI
310,Sonni,Dowski,_310@mail.com,gMFqiQPH
311,Emylee,Havens,_311@mail.com,wHjoyfk
312,Aili,Karl,_312@mail.com,ABYwXm
313,Vevay,Calhoun,_313@mail.com,bFcXglV
314,Miquela,Flyn,_314@mail.com,PaIekJz
315,Gale,Nelsen,_315@mail.com,lxzNrwIU
316,Brena,Lorenz,_316@mail.com,qxKEdR
317,Malina,Leifeste,_317@mail.com,qVqsbiU
318,Selma,Juan,_318@mail.com,pbgMkXqE
319,Hannis,Barbey,_319@mail.com,YkFbDssU
320,Tybie,Prober,_320@mail.com,qhkkpeeX
321,Betta,Teddman,_321@mail.com,xYJXsF
322,Cecile,Halsey,_322@mail.com,OGfkZJc
323,Gabi,Iphlgenia,_323@mail.com,paPPYM
324,Gwyneth,Letsou,_324@mail.com,gCzQRNFM
325,Myriam,Hewitt,_325@mail.com,WMRQPfn
326,Esmeralda,Kelula,_326@mail.com,OtiygJQ
327,Shandie,Japeth,_327@mail.com,pRMwSh
328,Violet,Sheedy,_328@mail.com,asciln
329,Madalyn,Heidt,_329@mail.com,fMCRaOnF
330,Monika,Monaco,_330@mail.com,yyoEUp
331,Maud,Greenwald,_331@mail.com,PeHrZoJ
332,Rhea,Urias,_332@mail.com,qJnhJCK
333,Addia,Radu,_333@mail.com,EBhwcPY
334,Penelopa,Halsey,_334@mail.com,EXlhvrV
335,Dorthy,Rocray,_335@mail.com,oCoJQv
336,Malina,Dorcy,_336@mail.com,RZcWuR
337,Laure,Dawkins,_337@mail.com,glNvCFID
338,Loree,Georgy,_338@mail.com,DsCsSPE
339,Marsiella,Maribeth,_339@mail.com,KKxEqENb
340,Elise,Campball,_340@mail.com,WRFBpc
341,Sashenka,Nickola,_341@mail.com,yrNZgFi
342,Pollyanna,Sothena,_342@mail.com,easfnO
343,Karly,Durware,_343@mail.com,nlREvpv
344,Tierney,Hedve,_344@mail.com,dFKoNZ
345,Helena,Helfand,_345@mail.com,FNApSiNd
346,Kristina,Milson,_346@mail.com,shhKEU
347,Dode,Hathaway,_347@mail.com,GWaJGCk
348,Kamilah,Wiener,_348@mail.com,ioOZYv
349,Christian,Pearse,_349@mail.com,SoHbTP
350,Kerrin,Roxanna,_350@mail.com,BrouofEE
351,Jenda,Martsen,_351@mail.com,BuwAowM
352,Glynnis,Alabaster,_352@mail.com,UywkgZe
353,Wilma,Nelsen,_353@mail.com,YTSFYrF
354,Cristabel,Laverne,_354@mail.com,TZuYOw
355,Isa,Lorain,_355@mail.com,CyVwBY
356,Ellette,Kazimir,_356@mail.com,ztelXZb
357,Phedra,Wattenberg,_357@mail.com,YDKFscwm
358,Babita,Hylan,_358@mail.com,iNQxsbmP
359,Sabina,An,_359@mail.com,jneTZOUa
360,Annecorinne,Wesle,_360@mail.com,dyocnph
361,Libbie,Fadiman,_361@mail.com,TCIWQYTs
362,Clo,Monk,_362@mail.com,bdmdVopN
363,Tatiania,Dorine,_363@mail.com,dctQQDHy
364,Sharlene,Lipson,_364@mail.com,OwRDIGB
365,Karina,Cassius,_365@mail.com,BavShG
366,Joy,Ulphia,_366@mail.com,TxZnrKRl
367,Korrie,Girardo,_367@mail.com,KeEAjUMK
368,Elie,Yerkovich,_368@mail.com,gEHqdMXh
369,Kristina,Standing,_369@mail.com,yueSCPUf
370,Edith,Decato,_370@mail.com,yynwQU
371,Charmaine,Anyah,_371@mail.com,OchvEvlC
372,Nessie,Ortrude,_372@mail.com,jifxFRZ
373,Wilma,Lareena,_373@mail.com,mmDDUYGx
374,Lulita,Alice,_374@mail.com,pCkbsu
375,Blondelle,Karl,_375@mail.com,vmYxPp
376,Arabel,Graig,_376@mail.com,gdxQDYib
377,Liana,Ethban,_377@mail.com,oQcnUH
378,Malina,Jacqui,_378@mail.com,chGCHLr
379,Micheline,Ioab,_379@mail.com,ATEMds
380,Meg,Serilda,_380@mail.com,NNVotE
381,Ardeen,Rugen,_381@mail.com,WvEacJ
382,Aeriela,Pozzy,_382@mail.com,pqQGorb
383,Ira,Corabella,_383@mail.com,JywQzePW
384,Robinia,Ackerley,_384@mail.com,JaiYRA
385,Tiffie,Schonfeld,_385@mail.com,QgrAbm
386,Mary,Hailee,_386@mail.com,hYtbTgHF
387,Lucille,Millda,_387@mail.com,EakdklC
388,Ofilia,Merriott,_388@mail.com,IvMAug
389,Kimmy,Melan,_389@mail.com,BpnXqy
390,Alex,Morrill,_390@mail.com,pIdUpbRk
391,Wynne,Joli,_391@mail.com,VngPwTE
392,Gilda,Hailee,_392@mail.com,txtQSF
393,Olivette,Tamar,_393@mail.com,NSlmhxEJ
394,Nannie,Gerge,_394@mail.com,LQKrsFw
395,Tera,Fennessy,_395@mail.com,vPnfDupe
396,Jemie,Fiester,_396@mail.com,cggZCZ
397,Isa,Kimmie,_397@mail.com,DjOhVnvb
398,Aryn,Magnolia,_398@mail.com,xMXeGLQD
399,Nonnah,Kiersten,_399@mail.com,smIFgOOz
400,Tomasina,Vary,_400@mail.com,KPvIRu
401,Lindie,Rudolph,_401@mail.com,zRrOtMhW
402,Devina,Raychel,_402@mail.com,qBllcz
403,Roseline,Bronk,_403@mail.com,zFbkav
404,Perry,Ricarda,_404@mail.com,xVuwTY
405,Laurene,Roarke,_405@mail.com,ooKVGFM
406,Claresta,Eugenia,_406@mail.com,KNdGRqU
407,Deedee,Goldina,_407@mail.com,USSWLNs
408,Christian,Evangelia,_408@mail.com,aYDVakv
409,Sheelagh,Mehalek,_409@mail.com,ysTYSP
410,Elora,Orlene,_410@mail.com,geJahH
411,Ardeen,Federica,_411@mail.com,dLxuWf
412,Dorthy,Christal,_412@mail.com,QWeuBR
413,Codie,Blisse,_413@mail.com,WgQlBou
414,Eadie,Belldas,_414@mail.com,cXeetlx
415,Odessa,Yerkovich,_415@mail.com,LKBIfXoG
416,Kirstin,Saree,_416@mail.com,HahqJF
417,Nariko,Fiester,_417@mail.com,sHDVMmFv
418,Peri,Nikaniki,_418@mail.com,BbvXtmf
419,Mary,Shama,_419@mail.com,feLZloX
420,Steffane,Raseda,_420@mail.com,vgxJvMW
421,Heddie,Kaete,_421@mail.com,bxDXiIz
422,Ekaterina,Lasley,_422@mail.com,crWufXf
423,Olwen,Koziara,_423@mail.com,YoVZgFJ
424,Tabbatha,Kirbee,_424@mail.com,hvynRNG
425,Emylee,Destinee,_425@mail.com,VMeKyTaf
426,Rani,Liva,_426@mail.com,DGlGxk
427,Corina,Faust,_427@mail.com,tHItWn
428,Eve,Roarke,_428@mail.com,qZRLZGu
429,Daphne,Laurianne,_429@mail.com,BpDdPyoF
430,Wendi,Parsaye,_430@mail.com,TNtSbIh
431,Ardys,Nunci,_431@mail.com,ZAaoIx
432,Louella,Zitvaa,_432@mail.com,oFKkBo
433,Lyssa,Haerr,_433@mail.com,RtVMSdEV
434,Tilly,Radu,_434@mail.com,cEeInLUV
435,Julieta,Armanda,_435@mail.com,DlaqGaab
436,Asia,Christine,_436@mail.com,zduXBRNG
437,Rubie,Parette,_437@mail.com,xheTYc
438,Silvana,Zamora,_438@mail.com,swgFSw
439,Gretal,Hieronymus,_439@mail.com,nljwOtdT
440,Chrystel,Zina,_440@mail.com,RDKaNPB
441,Bobbi,Irmine,_441@mail.com,KnIdqI
442,Aeriela,Elephus,_442@mail.com,rdZZmO
443,Trixi,Allys,_443@mail.com,oqmhrVF
444,Christal,Cosenza,_444@mail.com,KLNHKec
445,Nikki,Hamil,_445@mail.com,maJzEdb
446,Corina,Madaih,_446@mail.com,WQpeUB
447,Leona,Hoban,_447@mail.com,IkxPbca
448,Britni,Jotham,_448@mail.com,SqHrFnI
449,Jennica,Aldric,_449@mail.com,UIfEwrNi
450,Ezmeralda,Lumbard,_450@mail.com,pMSdPm
451,Juliane,Carri,_451@mail.com,NXBQBa
452,Dulcinea,Wilkinson,_452@mail.com,vuhtRJ
453,Aubrie,Gamaliel,_453@mail.com,SKQyGik
454,Kristan,Selway,_454@mail.com,BplQBcR
455,Rubie,Regan,_455@mail.com,AkGCXWeg
456,Roz,Hutchison,_456@mail.com,HyaaXlRQ
457,Emma,Ioab,_457@mail.com,SXWnRmo
458,Oralee,Cookie,_458@mail.com,GaqUHZ
459,Kerrin,Bari,_459@mail.com,epSxVD
460,Deane,Christine,_460@mail.com,qTigjqCS
461,Alejandra,Sheedy,_461@mail.com,RaUNOar
462,Sibella,Ranjiv,_462@mail.com,eLcpCajJ
463,Angela,Tamsky,_463@mail.com,EuFTFS
464,Gusty,Suk,_464@mail.com,SAOqDs
465,Rhea,Damarra,_465@mail.com,bwjJWFU
466,Sam,Read,_466@mail.com,YipyWlIx
467,Nita,An,_467@mail.com,rDedphi
468,Merrie,Ephrem,_468@mail.com,GAtMGs
469,Nikki,Knowling,_469@mail.com,glAyQs
470,Kary,Sparhawk,_470@mail.com,KbVEUhla
471,Taffy,Gherardo,_471@mail.com,HMMXRH
472,Carol-Jean,Redmond,_472@mail.com,ZxBVPihf
473,Gerrie,Sandye,_473@mail.com,VVweox
474,Lynea,Vacuva,_474@mail.com,SRwPUJ
475,Lolita,Leopold,_475@mail.com,pWRjmus
476,Tobe,Andrel,_476@mail.com,RRqdFN
477,Lindie,Alisia,_477@mail.com,HuRiqzl
478,Alisha,Francyne,_478@mail.com,mlVZZP
479,Karena,Wareing,_479@mail.com,YkYCKu
480,Melanie,Kronfeld,_480@mail.com,EzOGncXz
481,Viki,Riva,_481@mail.com,YDcZDgz
482,Lucille,Christine,_482@mail.com,qRleWcJ
483,Nataline,Nicoline,_483@mail.com,sMsxkF
484,Mathilda,Mich,_484@mail.com,kzklVF
485,Bill,Liebermann,_485@mail.com,rszIpVM
486,Shandie,Rosemary,_486@mail.com,ouifwGtD
487,Helena,Bakerman,_487@mail.com,QXXnroIS
488,Perry,Schlosser,_488@mail.com,kAfdgEt
489,Berget,Plato,_489@mail.com,amtkTgVj
490,Marika,Ludewig,_490@mail.com,jAXsDjOJ
491,Lelah,Papageno,_491@mail.com,IBCcox
492,Gusella,Ursulette,_492@mail.com,rLzaIRU
493,Reeba,Noam,_493@mail.com,PeJRLbn
494,Alisha,Philipp,_494@mail.com,fOaNsbzc
495,Di,Pascia,_495@mail.com,dQsPOFy
496,Cristine,Rolf,_496@mail.com,oaTzaa
497,Lucille,Regan,_497@mail.com,TLksTbV
498,Bernardine,Maurine,_498@mail.com,qkjyQpI
499,Sue,Anyah,_499@mail.com,PDQNdO
500,Sonni,Leler,_500@mail.com,fAJkcfts
501,Danny,Stover,_501@mail.com,sHsLwre
502,Lilith,Baptlsta,_502@mail.com,TydyoKPy
503,Gerianna,Bonilla,_503@mail.com,ZizHdGqS
504,Gerrie,Corabella,_504@mail.com,pKQjeC
505,Aigneis,Ledah,_505@mail.com,ovsHHt
506,Cordi,Stelle,_506@mail.com,elIwfk
507,Cyndie,Even,_507@mail.com,UUnabnGF
508,Elyssa,Remmer,_508@mail.com,UdHdcP
509,Tina,Hepsibah,_509@mail.com,cKMRjLH
510,Belinda,Kirstin,_510@mail.com,iMJbRE
511,Devina,Freddi,_511@mail.com,uxKsql
512,Marinna,Hewitt,_512@mail.com,hxthHO
513,Hannis,Ellerey,_513@mail.com,sKXwud
514,Ashlee,Beniamino,_514@mail.com,ckEgUS
515,Lorenza,Granoff,_515@mail.com,wpgQhW
516,Dulcinea,Nahum,_516@mail.com,DFMbFPJq
517,Elbertina,Terencio,_517@mail.com,RazGbD
518,Annecorinne,Gusella,_518@mail.com,rDNFrJa
519,Ivett,Wolfgram,_519@mail.com,JJmIMt
520,Arlena,Fadiman,_520@mail.com,nQpsbVa
521,Nariko,Sancho,_521@mail.com,MpegHjGH
522,Wendi,Iaverne,_522@mail.com,SXBNDSY
523,Tami,McNully,_523@mail.com,atUTetD
524,Berta,Artie,_524@mail.com,EoBQWFo
525,Christy,Radu,_525@mail.com,NPFdoqN
526,Myriam,Bonilla,_526@mail.com,IPMehiT
527,June,Clara,_527@mail.com,sHNSVc
528,Claudina,Eben,_528@mail.com,oBboaW
529,Ethel,Dalli,_529@mail.com,AZeTpPU
530,Giustina,Azeria,_530@mail.com,LnTMhAxR
531,Teriann,Drisko,_531@mail.com,sqUJdZrc
532,Shannah,Mich,_532@mail.com,rImMqQ
533,Chere,Harday,_533@mail.com,FHIZKsH
534,Bernardine,Mintz,_534@mail.com,otbeSqb
535,Averyl,Baylor,_535@mail.com,MDVDBH
536,Rori,Adlare,_536@mail.com,xXJuAQ
537,Cathie,Felecia,_537@mail.com,gxjEQAU
538,Joane,Heisel,_538@mail.com,lOFXMvzB
539,Dorice,Bevin,_539@mail.com,GqTCoyaU
540,Gusty,Oster,_540@mail.com,srzjEimz
541,Isa,Fabiola,_541@mail.com,RoKqkfNJ
542,Florencia,Brackely,_542@mail.com,ZTLukJtW
543,Sibella,Lail,_543@mail.com,TaSOoK
544,Mildrid,Tremayne,_544@mail.com,JqoixP
545,Leontine,Burch,_545@mail.com,PNLHzfw
546,Debee,Ferrell,_546@mail.com,iNzhhJds
547,Adriana,Swigart,_547@mail.com,MpviECax
548,Shaylyn,Brian,_548@mail.com,McGflwx
549,Chastity,Morehouse,_549@mail.com,lfffTDZa
550,Hannis,Loleta,_550@mail.com,zQTnhuE
551,Arlina,Helfand,_551@mail.com,lGsEztrg
552,Gloria,Wyn,_552@mail.com,IcjmzxsU
553,Etta,Raimondo,_553@mail.com,zHruhchT
554,Shel,Kamaria,_554@mail.com,TSxrKLXA
555,Gusty,Ellord,_555@mail.com,rfPGqzPP
556,Cassondra,Timon,_556@mail.com,oOVlfqAE
557,Nonnah,Suzetta,_557@mail.com,dvuzcT
558,Luci,Kolnick,_558@mail.com,nrfaQJ
559,Gusella,Love,_559@mail.com,xDBWxsPf
560,Elbertina,Edmund,_560@mail.com,kMXMCpAt
561,Alex,Fry,_561@mail.com,OXPiOu
562,Ilse,Regan,_562@mail.com,SwyWqpA
563,Mamie,Gamaliel,_563@mail.com,tZWAyR
564,Eolanda,Dorothy,_564@mail.com,SqtOvZ
565,Lucy,Kronfeld,_565@mail.com,KzuqQLFX
566,Chickie,Erb,_566@mail.com,DuAAjHK
567,Zia,Jorgan,_567@mail.com,WSKtPYg
568,Doro,Chrystel,_568@mail.com,dgLGDr
569,Correy,Gabrielli,_569@mail.com,nReOFkj
570,Penelopa,Paine,_570@mail.com,dQtXYNhg
571,Evaleen,Pip,_571@mail.com,LKJKZreQ
572,Hope,Emanuel,_572@mail.com,UZZdjny
573,Chastity,Daniele,_573@mail.com,FcldYn
574,Ida,Doig,_574@mail.com,YgNaUDO
575,Sue,Jotham,_575@mail.com,MuCmCPc
576,Bee,Maribeth,_576@mail.com,lfImKLe
577,Sam,Philoo,_577@mail.com,lMQOfLw
578,Marcelline,Mayeda,_578@mail.com,mucwKN
579,Ezmeralda,MacIntosh,_579@mail.com,nagkoN
580,Madeleine,Byrne,_580@mail.com,RhTuYv
581,Monika,Greenwald,_581@mail.com,CFfvFo
582,Vere,Lynn,_582@mail.com,QnhFuRWI
583,Beverley,Vharat,_583@mail.com,TKivmEN
584,Sindee,Colleen,_584@mail.com,kyngLr
585,Chastity,Tatianas,_585@mail.com,ntnhDW
586,Dale,Chaing,_586@mail.com,InOQJo
587,Celisse,Genna,_587@mail.com,TVNDEOGG
588,Corly,Jarib,_588@mail.com,JBJTuzz
589,Florencia,Yorick,_589@mail.com,ldlTDf
590,Gwyneth,Kevon,_590@mail.com,htPzSh
591,Calla,Elvyn,_591@mail.com,vkILjSCN
592,Desirae,Shirberg,_592@mail.com,ogpUVi
593,Tonia,Stav,_593@mail.com,eflVuiLB
594,Calla,Garlinda,_594@mail.com,NuRIrnDU
595,Beatriz,McLaughlin,_595@mail.com,BNqOVhHG
596,Jean,Seumas,_596@mail.com,zrKjMl
597,Konstance,Elephus,_597@mail.com,tRWxCDaA
598,Pamella,Camden,_598@mail.com,uqJDMWp
599,Dacia,Allina,_599@mail.com,WVlxvbAv
600,Lizzie,Hutchison,_600@mail.com,KOKvgxB
601,Carilyn,Baptlsta,_601@mail.com,yVbEcory
602,Mathilda,Philoo,_602@mail.com,bhNBDsG
603,Brooks,Lowry,_603@mail.com,wOlFWDeS
604,Aryn,Garlinda,_604@mail.com,tAzifS
605,Tracey,Erlandson,_605@mail.com,QVzUcqtw
606,Jaime,Vanni,_606@mail.com,GTxgHt
607,Rhoda,Yate,_607@mail.com,DsUxvuWR
608,Dode,Virgin,_608@mail.com,FuOQThS
609,Quintina,Bow,_609@mail.com,AsORsxK
610,Eugine,Annice,_610@mail.com,iothtTOt
611,Margalo,Zenas,_611@mail.com,YmiUCyCO
612,Myrtice,Baptlsta,_612@mail.com,BsqJHGTU
613,Jordan,Joachim,_613@mail.com,fVlmdKNW
614,Patricia,Suanne,_614@mail.com,aINVmv
615,Nickie,Charity,_615@mail.com,MSrBKSi
616,Eadie,Burnside,_616@mail.com,zrxkPsg
617,Cassondra,Grosz,_617@mail.com,vuhQWo
618,Codie,Ramona,_618@mail.com,RqnnmyU
619,Eugine,Codding,_619@mail.com,FXshuLGh
620,Vere,Hollingsworth,_620@mail.com,CZcqEFw
621,Peri,Elsinore,_621@mail.com,vDJlkE
622,Sharai,Bashemeth,_622@mail.com,EDaJElrU
623,Silvana,Firmin,_623@mail.com,tqurZvyg
624,Morganica,Margarete,_624@mail.com,OCwjzNZ
625,Gavrielle,O'Rourke,_625@mail.com,gHlOMM
626,Addia,Creamer,_626@mail.com,dmfYhygz
627,Cherrita,Vacuva,_627@mail.com,mjYjVw
628,Yolane,Munn,_628@mail.com,aqHnqw
629,Angela,Philoo,_629@mail.com,DGHdGyiV
630,Kate,Kellby,_630@mail.com,KIfTOeEL
631,Evaleen,Chesna,_631@mail.com,wHqBja
632,Debee,Valoniah,_632@mail.com,rNWtQAk
633,Georgina,Codding,_633@mail.com,sRAsYZS
634,Tressa,Erich,_634@mail.com,JUOIlgbv
635,Marti,Hylan,_635@mail.com,VNDtmQRg
636,Carolina,Michella,_636@mail.com,sJDclOI
637,Quintina,Niccolo,_637@mail.com,lEacWP
638,Karlee,Kannry,_638@mail.com,vNhdbWHy
639,Adriana,Cecile,_639@mail.com,ZhDVsy
640,Zia,Plato,_640@mail.com,UXBBVwCD
641,Frances,Thilda,_641@mail.com,lvMSuhu
642,Katharina,Hazlett,_642@mail.com,DwoXAIP
643,Barbi,Tyson,_643@mail.com,ZMQPFaf
644,Maye,Teryn,_644@mail.com,lAQgAKoH
645,Karena,Schalles,_645@mail.com,awvttaHy
646,Estell,Lowry,_646@mail.com,bqZOxM
647,Rhea,Arne,_647@mail.com,luYurb
648,Korrie,Laurianne,_648@mail.com,jsRMXG
649,Glenda,Tryck,_649@mail.com,yGCuPwzj
650,Brianna,Justinn,_650@mail.com,dWmnrzHj
651,Merle,Gwenore,_651@mail.com,CZMdJWE
652,Thalia,Edison,_652@mail.com,PPIMTqRQ
653,Natka,Terencio,_653@mail.com,iabgdseP
654,Kirstin,Claudine,_654@mail.com,HetLXh
655,Vonny,Ferrell,_655@mail.com,zhrDxL
656,Josephine,Ilka,_656@mail.com,TAFoKSMg
657,Felice,Guildroy,_657@mail.com,EiPdtS
658,Lonnie,Guthrie,_658@mail.com,ATNmHP
659,Elfreda,Bennie,_659@mail.com,opbOBxm
660,Maud,Hathaway,_660@mail.com,chuJzzjd
661,Alexine,Richers,_661@mail.com,CMFMQc
662,Blinni,Chabot,_662@mail.com,nweycG
663,Tierney,Baylor,_663@mail.com,ljeEzGZK
664,Shirlee,Oster,_664@mail.com,kcoPKp
665,Ivett,Rossner,_665@mail.com,UDfnzN
666,Tierney,Chabot,_666@mail.com,YkMInBqp
667,Raina,Stacy,_667@mail.com,lmxsoo
668,Betta,Euridice,_668@mail.com,ocDAllBr
669,Elie,Wolfgram,_669@mail.com,gLiCWCd
670,Rhoda,Erich,_670@mail.com,HjIXDY
671,Helena,Eachern,_671@mail.com,fSXWMbKp
672,Fina,Constancy,_672@mail.com,ctUjeg
673,Reeba,Ashok,_673@mail.com,uFsWAT
674,Chere,Tayib,_674@mail.com,ybPIcx
675,Roxane,Kussell,_675@mail.com,FAUOQc
676,Jillayne,Kaete,_676@mail.com,zVhVFQqS
677,Stephanie,Borrell,_677@mail.com,DIgzAz
678,Tiffie,Oster,_678@mail.com,xdLTTYuX
679,Rebeca,Bartlett,_679@mail.com,KDvBvQ
680,Rochette,Uund,_680@mail.com,cTENDi
681,Gusella,Concha,_681@mail.com,UUewFcBG
682,Letizia,Jerold,_682@mail.com,OHyVhGl
683,Caritta,Kamaria,_683@mail.com,ceEOJTcG
684,Almeta,Cimbura,_684@mail.com,egDvoIEq
685,Mariele,Darian,_685@mail.com,BmroRH
686,Sindee,Vernier,_686@mail.com,ewvfIXTa
687,Frieda,Breed,_687@mail.com,CdIPNp
688,Anica,Jotham,_688@mail.com,nKmCaZ
689,Ginnie,Kunin,_689@mail.com,XLwXzZu
690,Kayla,Seumas,_690@mail.com,fEfctH
691,Kore,Drisko,_691@mail.com,FnpPejI
692,Leanna,Penelopa,_692@mail.com,rrenihNA
693,Noelle,Pillsbury,_693@mail.com,LSRjZdv
694,Karolina,Santoro,_694@mail.com,SyIuZVX
695,Jennica,Buttaro,_695@mail.com,ZpBBCKGb
696,Karina,Neva,_696@mail.com,IrrIUCS
697,Morganica,Azeria,_697@mail.com,BClsyU
698,Barbi,Iphlgenia,_698@mail.com,TdPznC
699,Emelina,Seumas,_699@mail.com,FOWZpwy
700,Addia,Candy,_700@mail.com,BiTgBAVc
701,Dale,Byrne,_701@mail.com,GjVbQA
702,Kelly,Craggie,_702@mail.com,xTqWOod
703,Anica,Wesle,_703@mail.com,SyCCXbtg
704,Correy,Palocz,_704@mail.com,dQdirU
705,Drucie,Cleavland,_705@mail.com,YjvqUgs
706,Gwyneth,Daniele,_706@mail.com,hQqWWjZD
707,Alie,Delila,_707@mail.com,auVZsvz
708,Adele,Hutchison,_708@mail.com,BLibMPiT
709,Allis,Hanleigh,_709@mail.com,DzZlmc
710,Bobbi,Bibi,_710@mail.com,QUMiFyZK
711,Ethel,Byrne,_711@mail.com,bdyZOJ
712,Gilda,Angelis,_712@mail.com,ksNCBn
713,Zsa Zsa,Nadia,_713@mail.com,YkWlbf
714,Lyssa,Raffo,_714@mail.com,bcrebbjb
715,Lynnea,Bobbee,_715@mail.com,IfjwWG
716,Celisse,Kolnick,_716@mail.com,ZNncPbBA
717,Ezmeralda,Lubin,_717@mail.com,sWDKCM
718,Karena,Primalia,_718@mail.com,LKxBigj
719,Libbie,Irmine,_719@mail.com,jQvMTFKl
720,Florie,Karna,_720@mail.com,qidlFY
721,Kristan,Lilybelle,_721@mail.com,QQWcsqeM
722,Sissy,Himelman,_722@mail.com,XqpWgOLF
723,Adore,Lumbard,_723@mail.com,TNOJdGr
724,Myrtice,Oscar,_724@mail.com,zSMKBjFY
725,Dede,Aurelio,_725@mail.com,eYFxzwW
726,Hope,Zola,_726@mail.com,fEgrwZr
727,Gabriellia,Pascia,_727@mail.com,PDUcHODE
728,Sadie,Ursulette,_728@mail.com,bIaHxzC
729,Hettie,Cimbura,_729@mail.com,DohrPR
730,Corina,Rooney,_730@mail.com,UlvhwLb
731,Siana,Horan,_731@mail.com,VmSukBNN
732,Deane,Bobbee,_732@mail.com,lEvPwli
733,Cristine,Zola,_733@mail.com,MOLrzChr
734,Leanna,Sidonius,_734@mail.com,PmprmSl
735,Gusella,Hailee,_735@mail.com,VCFnCz
736,Mallory,Erskine,_736@mail.com,VBqYCc
737,Ottilie,Amand,_737@mail.com,pgBCaXN
738,Theodora,Wattenberg,_738@mail.com,ITjCrD
739,Valli,Fry,_739@mail.com,XSuxjuA
740,Alia,Gordon,_740@mail.com,zVuvJu
741,Danny,Zina,_741@mail.com,Ncryqytq
742,Georgina,Erich,_742@mail.com,yhKXAeOf
743,Mariann,Whiffen,_743@mail.com,pxcfLal
744,Sonni,Plato,_744@mail.com,OPpZmTis
745,Lynnea,Norrie,_745@mail.com,kxkBrvL
746,Tani,Skurnik,_746@mail.com,hrDHsvep
747,Stephanie,Francyne,_747@mail.com,vOPkDA
748,Minne,Irmine,_748@mail.com,ovcPFb
749,Tina,Wattenberg,_749@mail.com,zXwQylP
750,Laure,Malvino,_750@mail.com,XblAvOM
751,Shirlee,Lanita,_751@mail.com,RHZJtcpV
752,Linet,Hamil,_752@mail.com,zEVdMDrR
753,Arlena,Kravits,_753@mail.com,yICggjt
754,Jan,Ferino,_754@mail.com,ajbrqAS
755,Cassandra,Riordan,_755@mail.com,kyGFaHdR
756,Glynnis,Izaak,_756@mail.com,OkbQAX
757,Nadine,Mallon,_757@mail.com,wzReiGxM
758,Dorothy,Hathaway,_758@mail.com,prYGci
759,Tersina,Barney,_759@mail.com,YRnMkTs
760,Dianemarie,Lia,_760@mail.com,ugoOlay
761,Gui,Gaulin,_761@mail.com,fMydAO
762,Agathe,Chandler,_762@mail.com,WneZAfPd
763,Elyssa,Chaing,_763@mail.com,xxkXdlJ
764,Goldie,Wittie,_764@mail.com,eVpVPH
765,Blondelle,Bluh,_765@mail.com,bRgJZs
766,Sarette,Skell,_766@mail.com,oWyIlM
767,Kary,Loleta,_767@mail.com,ptYmwB
768,Kassey,Desai,_768@mail.com,hQIymys
769,Wendi,Vacuva,_769@mail.com,XPpJcfcL
770,Mary,Geffner,_770@mail.com,AbSJiR
771,Fred,Jacinda,_771@mail.com,HIyuEs
772,Fidelia,Christine,_772@mail.com,XkZHEAW
773,Doro,Goldina,_773@mail.com,LgHQvyFn
774,Eolanda,Tatianas,_774@mail.com,KvwmIu
775,Dawn,Autrey,_775@mail.com,kDYlwKy
776,Averyl,Hutchison,_776@mail.com,QiMCWlt
777,Valeda,Nelsen,_777@mail.com,QTFbmx
778,Kaja,Jorgan,_778@mail.com,UBSEiU
779,Cathyleen,Publia,_779@mail.com,qCGTfZma
780,Sean,Rosette,_780@mail.com,TqANGM
781,Wynne,Mozelle,_781@mail.com,pTXvwcqZ
782,Regina,Ax,_782@mail.com,OtwlmwWY
783,Frieda,Carolin,_783@mail.com,MSVNwun
784,Kelly,Melony,_784@mail.com,bOrzUY
785,Catrina,Gahl,_785@mail.com,XKMhbIN
786,Sindee,Lacombe,_786@mail.com,WfgIUXDN
787,Gale,Herrera,_787@mail.com,LwKbrxh
788,Kimberley,Standing,_788@mail.com,pziFQb
789,Paule,Harriman,_789@mail.com,NPzAlyR
790,Lonnie,Dahlia,_790@mail.com,wlpIhe
791,Marsiella,Bluh,_791@mail.com,bnliREK
792,Elsie,Romelda,_792@mail.com,nifwBmp
793,Anthia,Maisey,_793@mail.com,hpsUMcA
794,Lolita,Durante,_794@mail.com,HVLLHpQ
795,Addia,Even,_795@mail.com,Htvyzb
796,Tatiania,Heidt,_796@mail.com,yNKxtgLW
797,Phylis,Gunn,_797@mail.com,FmHBKO
798,Ebonee,Kazimir,_798@mail.com,XpVXotjw
799,Janis,Abbot,_799@mail.com,NSbRmLmc
800,Courtnay,Nelsen,_800@mail.com,oPoluyTH
801,Vere,Niccolo,_801@mail.com,duCxLxxe
802,Jinny,Constancy,_802@mail.com,CUtWrF
803,Carol-Jean,Annice,_803@mail.com,KljNqG
804,Evaleen,Arquit,_804@mail.com,fXYmiZYI
805,Sean,Teryn,_805@mail.com,DbtayZpg
806,Basia,Abernon,_806@mail.com,cKpTGsY
807,Kirstin,Persse,_807@mail.com,BhGAsSJ
808,Audrie,Faust,_808@mail.com,tTfcnDp
809,Stacey,Nickola,_809@mail.com,hULriNLv
810,Deirdre,Judye,_810@mail.com,IHZovJBo
811,Melina,Tjon,_811@mail.com,LIFXBYfK
812,Karly,Dalli,_812@mail.com,ruyNYe
813,Bernie,Codding,_813@mail.com,VCKoAtZ
814,Olwen,Ethban,_814@mail.com,bprLTQ
815,Peri,Anderea,_815@mail.com,yNjRGT
816,Glynnis,Eiser,_816@mail.com,SGfhmGCR
817,Veda,Leffen,_817@mail.com,soNqGT
818,Jerry,Randene,_818@mail.com,ypWqGa
819,Alie,Sherfield,_819@mail.com,FXDRooiW
820,Aubrie,Read,_820@mail.com,kaWczBw
821,Lyssa,Papageno,_821@mail.com,LwpusQe
822,Joelly,Nedrud,_822@mail.com,EYKjtx
823,Celene,Talia,_823@mail.com,FjKLel
824,Valera,Bibi,_824@mail.com,CYAuTA
825,Caressa,Felizio,_825@mail.com,LgrPeudv
826,Mahalia,Leonard,_826@mail.com,AgtJcnHV
827,Agnese,Clie,_827@mail.com,GfaZBG
828,Thalia,Darrell,_828@mail.com,UcfwNh
829,Jerry,Dosia,_829@mail.com,iNhCwwfW
830,Gretal,Maisey,_830@mail.com,mVgkauF
831,Janis,Kosey,_831@mail.com,SvSUnxad
832,Zondra,Billye,_832@mail.com,rlKSdD
833,Lynde,Vharat,_833@mail.com,wsOBItl
834,Annice,Charity,_834@mail.com,PrKEzEXJ
835,Bertine,Pyle,_835@mail.com,efqyhfUC
836,Catrina,Adamsen,_836@mail.com,tQjPMzv
837,Johna,Romelda,_837@mail.com,uMhrOg
838,Bernardine,Edvard,_838@mail.com,GxipZmM
839,Zia,Ochs,_839@mail.com,psjSjDD
840,Dominga,Lay,_840@mail.com,MgeIOy
841,Raquela,Jorgan,_841@mail.com,MXmOLU
842,Dorthy,Hewitt,_842@mail.com,caVoqkgH
843,Daryl,Tannie,_843@mail.com,hoDSGm
844,Ingrid,Hylan,_844@mail.com,glGJIXQ
845,Xylina,Deegan,_845@mail.com,qPZLXX
846,Selma,Giff,_846@mail.com,PODcbH
847,Bee,Louanna,_847@mail.com,SBXPIrWZ
848,Kaja,Bigner,_848@mail.com,cmVCYpA
849,Dawn,Kress,_849@mail.com,RZgsoKJV
850,Nerta,Uird,_850@mail.com,obEbIo
851,Lesly,O'Rourke,_851@mail.com,KdVHPW
852,Imojean,Vastah,_852@mail.com,pGcYpW
853,Iseabal,Avi,_853@mail.com,eTvCEo
854,Nataline,Parette,_854@mail.com,vodepd
855,Kristina,Dom,_855@mail.com,XUKmsw
856,Shel,Levey,_856@mail.com,WcUQCcb
857,Sindee,Alwin,_857@mail.com,UqELzRv
858,Siana,Taam,_858@mail.com,qpzZRff
859,Chandra,Bultman,_859@mail.com,pyUUBpiz
860,Abbie,Maurine,_860@mail.com,tUjHAQA
861,Marita,Lynn,_861@mail.com,FgxwrXCY
862,Jessamyn,Pacorro,_862@mail.com,xRtvRboA
863,Deloria,Eckblad,_863@mail.com,CJLwWtjM
864,Hyacinthe,Jarib,_864@mail.com,vSCCqYp
865,Esmeralda,Zitvaa,_865@mail.com,niQAFCOH
866,Fred,Haerr,_866@mail.com,PqusdtW
867,Sophia,Connelly,_867@mail.com,tKuIZj
868,Joceline,Atcliffe,_868@mail.com,MDcDcssu
869,Ardenia,Tufts,_869@mail.com,SDCDlV
870,Wynne,Medrek,_870@mail.com,bTyAmjQ
871,Kayla,Hillel,_871@mail.com,ZIwdNN
872,Elfreda,Munn,_872@mail.com,RRmcwp
873,Desirae,Cornelia,_873@mail.com,YiOLKQ
874,Bibby,Milde,_874@mail.com,ugBEvL
875,Merle,Estella,_875@mail.com,CNpQfeXI
876,Kamilah,Lorenz,_876@mail.com,DJIYiTXO
877,Kirstin,Zachary,_877@mail.com,KlSzbta
878,Heida,Hepsibah,_878@mail.com,oGNzJSM
879,Tori,Tippets,_879@mail.com,UFFVSJ
880,Dania,Darbie,_880@mail.com,irmDwwOx
881,Caritta,Oriana,_881@mail.com,siUhxwFj
882,Henriette,Slifka,_882@mail.com,pCdWSu
883,Marinna,Eiser,_883@mail.com,LZwJTN
884,Maye,Himelman,_884@mail.com,mYRSLFR
885,Brena,Voletta,_885@mail.com,YeDksA
886,Ana,Ramona,_886@mail.com,piBjpr
887,Edyth,Allys,_887@mail.com,FncMLs
888,Melina,Tippets,_888@mail.com,AleRyB
889,Louella,Wu,_889@mail.com,pKAhmu
890,Fernande,Kunin,_890@mail.com,VYokVn
891,Kerrin,Lamoree,_891@mail.com,FaOvGJWh
892,Lily,Rosette,_892@mail.com,aAvKjsg
893,Vere,Brady,_893@mail.com,yPuFeL
894,Lexine,Maisey,_894@mail.com,RzrnLl
895,Camile,Wildermuth,_895@mail.com,gugYvQrc
896,Lila,Ashely,_896@mail.com,dQVIYB
897,Tracey,Amand,_897@mail.com,PSDMmu
898,Constance,Johanna,_898@mail.com,gqbQohYr
899,Tersina,Eben,_899@mail.com,ANfxlAPz
900,Lynde,Knowling,_900@mail.com,FikWrm
901,Feliza,Olnee,_901@mail.com,TsODtSe
902,Kalina,Willie,_902@mail.com,zZHLfuW
903,Cassondra,Marisa,_903@mail.com,tSodydZG
904,Blinni,Waldron,_904@mail.com,FXpEWuG
905,Lorie,Kristi,_905@mail.com,rDUZmSmP
906,Eolanda,Lubin,_906@mail.com,EjupYgA
907,Kathi,Kauppi,_907@mail.com,FJSrsg
908,Marti,Lareena,_908@mail.com,qxXmjww
909,Vere,Kiyoshi,_909@mail.com,zwaLuUY
910,Hettie,Wesle,_910@mail.com,VqIuyZ
911,Elvira,Idelia,_911@mail.com,OcMrAhrg
912,Deane,Diogenes,_912@mail.com,pPAPNou
913,Rosaline,Amand,_913@mail.com,KMOAVc
914,Edyth,Elsinore,_914@mail.com,SIFKxUs
915,Pollyanna,Suanne,_915@mail.com,FbwNXOi
916,Katuscha,Dearborn,_916@mail.com,zqZhmsO
917,Darci,Silvan,_917@mail.com,VbzPqQmA
918,Caressa,Barbey,_918@mail.com,EEcyQCxG
919,Rosaline,Shaver,_919@mail.com,aTshwkyT
920,Rani,Gaynor,_920@mail.com,sHljAQm
921,Hannis,Palocz,_921@mail.com,XkwRKLxr
922,Kenna,Stefa,_922@mail.com,AcmQUO
923,Agathe,Natica,_923@mail.com,mixoDjsm
924,Andeee,Hamil,_924@mail.com,FafbNv
925,Malina,Tound,_925@mail.com,NqNSfL
926,Dione,Kiyoshi,_926@mail.com,akYIUN
927,Kylynn,Demitria,_927@mail.com,fcLaRmu
928,Dorice,Kunin,_928@mail.com,Nydnkoj
929,Linet,Brotherson,_929@mail.com,LSDlUa
930,Nataline,Phyllis,_930@mail.com,DCdYjJz
931,Odessa,Seagraves,_931@mail.com,iKjXLYF
932,Kristan,Santoro,_932@mail.com,MwIQon
933,Karena,Morehouse,_933@mail.com,XwlFUAZm
934,Catharine,Ashok,_934@mail.com,DGOWyr
935,Shaine,Gerge,_935@mail.com,nSPCsJar
936,Sheree,Brieta,_936@mail.com,OIuTjW
937,Grier,Gemini,_937@mail.com,mPdTJH
938,Nita,Raul,_938@mail.com,WjwNqlg
939,Mady,Mike,_939@mail.com,GIMjVq
940,Tatiania,Hermes,_940@mail.com,AeajMT
941,Luci,Tengdin,_941@mail.com,TgwaQX
942,Millie,Cottle,_942@mail.com,XEcvmwz
943,Cam,Pulsifer,_943@mail.com,PRFGTvfl
944,Jany,Slifka,_944@mail.com,VseTVFKZ
945,Benita,Seessel,_945@mail.com,jJEUbKJ
946,Sheelagh,Kaete,_946@mail.com,UnFNXa
947,Jenda,Juliet,_947@mail.com,esAJRj
948,Brena,Francene,_948@mail.com,GyBaFG
949,Mara,Anton,_949@mail.com,ynAGDyPT
950,Stacey,Dituri,_950@mail.com,RwjmVr
951,Dolli,Geffner,_951@mail.com,QkGYhF
952,Fawne,Noman,_952@mail.com,MaIGyBWf
953,Susan,Sekofski,_953@mail.com,Zvtdxvoj
954,Jenda,Mata,_954@mail.com,OVJpYyA
955,Pollyanna,Cookie,_955@mail.com,EDLiWpI
956,Gretal,Colp,_956@mail.com,NJpMge
957,Lorenza,Mata,_957@mail.com,wWQpUgrT
958,Sybille,Tice,_958@mail.com,TQDatXMo
959,Mallory,Connelly,_959@mail.com,nWwdbnHM
960,Joane,Meter,_960@mail.com,nwzxsf
961,Britni,Jenness,_961@mail.com,iJitJre
962,Adele,Sawtelle,_962@mail.com,qRlebnMi
963,Stephanie,Redmond,_963@mail.com,VsWpDa
964,Nita,Girardo,_964@mail.com,hiQyVc
965,Coral,Helfand,_965@mail.com,ARyYSG
966,Aaren,Leonard,_966@mail.com,SYifdU
967,Korrie,Bashemeth,_967@mail.com,HKRAXS
968,Gloria,Saunderson,_968@mail.com,TyHzyIaT
969,Ann-Marie,Sherrie,_969@mail.com,GUCzocS
970,Lily,Dorothy,_970@mail.com,DHkgkW
971,Ivett,Thomasina,_971@mail.com,kXCjRtg
972,Veda,Ader,_972@mail.com,kRcMak
973,Nerta,Raama,_973@mail.com,TOyioxC
974,Sashenka,Dimitris,_974@mail.com,ltgamax
975,Olivette,Toni,_975@mail.com,upFEKvoU
976,Donetta,Dominy,_976@mail.com,BUNGQz
977,Gwenneth,Oscar,_977@mail.com,cVdalh
978,Merle,Posner,_978@mail.com,LnDprZt
979,Daphne,Halsey,_979@mail.com,lhymPT
980,June,Wareing,_980@mail.com,DNIZsCri
981,Meghann,Lindemann,_981@mail.com,RnIuMNF
982,Verla,Phyllis,_982@mail.com,gXZMPOr
983,Susan,Halsey,_983@mail.com,sCNOpxx
984,Ingrid,Grayce,_984@mail.com,RmQJjLrj
985,Imojean,Mayeda,_985@mail.com,bWtWksr
986,Jillayne,Dyche,_986@mail.com,nrtkgps
987,Sybille,Harl,_987@mail.com,OWayNN
988,Annecorinne,Mike,_988@mail.com,zKHDzWEg
989,Marylou,Kazimir,_989@mail.com,AYqUGJ
990,Elfreda,Marisa,_990@mail.com,EFFlMTiz
991,Mamie,Ehrman,_991@mail.com,PxERdbZ
992,Madalyn,Borrell,_992@mail.com,DBaVxV
993,Gui,Bevin,_993@mail.com,MxWJLd
994,Hope,Ciapas,_994@mail.com,unizBhG
995,Marcelline,Ietta,_995@mail.com,XbdpYuWe
996,Anallese,Socha,_996@mail.com,ycLCYnVk
997,Ninnetta,Baylor,_997@mail.com,RoeauDzG
998,Alleen,Gombach,_998@mail.com,lnSkHK
999,Concettina,Ventre,_999@mail.com,soeqqc
1000,Mignon,Fennessy,_1000@mail.com,WClTxSER
1001,Anestassia,Yorick,_1001@mail.com,mqXkxXo
1002,Anallese,Alwin,_1002@mail.com,SJhQiscN
1003,Annora,Lynn,_1003@mail.com,dzLwJMz
1004,Janenna,Morehouse,_1004@mail.com,lGCcWo
1005,Felice,Read,_1005@mail.com,TSygPY
1006,Trudie,Vernier,_1006@mail.com,lbdaNUhS
1007,Debee,Boycey,_1007@mail.com,PQmGMa
1008,Leeanne,Carolin,_1008@mail.com,HcJxZJj
1009,Cissiee,Mathilde,_1009@mail.com,ZNonljRP
1010,Sindee,Marden,_1010@mail.com,geEzMpL
1011,Dennie,Maryanne,_1011@mail.com,lftJLRW
1012,Florie,Ezar,_1012@mail.com,dvsnvK
1013,Yetty,Center,_1013@mail.com,FoBRNVuG
1014,Carolina,Cleo,_1014@mail.com,ZaMtLLZ
1015,Felice,Bethany,_1015@mail.com,xSCQaFm
1016,Lindie,Tyson,_1016@mail.com,VGVmMC
1017,Sadie,Tillford,_1017@mail.com,hTIJVP
1018,Ingrid,Constancy,_1018@mail.com,rNAGVy
1019,Brandise,Jeanne,_1019@mail.com,yxbbsT
1020,Lorie,Dash,_1020@mail.com,ZvpQkMe
1021,Zsa Zsa,Bronk,_1021@mail.com,YftXOv
1022,Bettine,Glovsky,_1022@mail.com,lltOcdHc
1023,Sallie,Lymann,_1023@mail.com,bHQtNyP
1024,Lyssa,Arathorn,_1024@mail.com,pONkxpbL
1025,Renae,Grobe,_1025@mail.com,BUmrPfI
1026,Alejandra,Pattin,_1026@mail.com,jyjlaaKt
1027,Agathe,Brotherson,_1027@mail.com,McIvCoL
1028,Sashenka,Ammann,_1028@mail.com,BnlXdx
1029,Meghann,Libna,_1029@mail.com,lUGLJY
1030,Chandra,Berne,_1030@mail.com,yuaOFoP
1031,Aurelie,Darian,_1031@mail.com,ediLlg
1032,Audrie,Malina,_1032@mail.com,IldkfcJ
1033,Bill,Tiffa,_1033@mail.com,XsVrJw
1034,Misha,Devlen,_1034@mail.com,cehRzKX
1035,Hayley,Constancy,_1035@mail.com,qKJPZyI
1036,Molli,Francyne,_1036@mail.com,JQcUJsr
1037,Cathie,Prober,_1037@mail.com,iqwRPHM
1038,Adelle,Berne,_1038@mail.com,mDWoFVD
1039,Marylou,Gladstone,_1039@mail.com,DoINujSf
1040,Paola,Helve,_1040@mail.com,HCJgjqz
1041,Nataline,Berl,_1041@mail.com,HVQCdpX
1042,Lanae,Kalinda,_1042@mail.com,zQWkSViK
1043,Fayre,Goode,_1043@mail.com,rovtTkc
1044,Vere,Carleen,_1044@mail.com,kSxJXPSM
1045,Lorne,Michella,_1045@mail.com,mbbnDHNW
1046,Daryl,Glovsky,_1046@mail.com,SiiIxaYr
1047,Philis,McAdams,_1047@mail.com,KGLJPj
1048,Annice,Durante,_1048@mail.com,RxSpRP
1049,Louella,Atcliffe,_1049@mail.com,hhKCQXp
1050,Kara-Lynn,Aurelio,_1050@mail.com,mivNwZ
1051,Darlleen,Wareing,_1051@mail.com,bQMHzE
1052,Linzy,Hazlett,_1052@mail.com,YYuOTRqC
1053,Bettine,Hourigan,_1053@mail.com,xmXUgV
1054,Dyann,Agle,_1054@mail.com,xiUPwKB
1055,Nataline,Berriman,_1055@mail.com,bwjeMli
1056,Adele,Birdella,_1056@mail.com,bmRyOEll
1057,Kore,McGrody,_1057@mail.com,sSVkSV
1058,Jeanna,Tice,_1058@mail.com,BlJUyl
1059,Nadine,Koehler,_1059@mail.com,uhkiOOx
1060,Vivia,Atcliffe,_1060@mail.com,uODhRbjy
1061,Glenda,Sabella,_1061@mail.com,CrOYNw
1062,Ricky,Bonucci,_1062@mail.com,QmeCmN
1063,Hollie,Ralfston,_1063@mail.com,qTjnwzx
1064,Zia,Vivle,_1064@mail.com,unPwSp
1065,Tori,Syd,_1065@mail.com,vtzzVci
1066,Rori,Durware,_1066@mail.com,yUOxKxw
1067,Vinita,Evangelia,_1067@mail.com,oQpWRXNl
1068,Cecile,Fiann,_1068@mail.com,SAvYKc
1069,Fredericka,Creamer,_1069@mail.com,uUYusm
1070,Jackie,Kussell,_1070@mail.com,rlCdEI
1071,Ingrid,Ehrman,_1071@mail.com,NibejOb
1072,Correy,Faust,_1072@mail.com,cvOfsW
1073,Hyacinthe,Sadowski,_1073@mail.com,CFhSks
1074,Lonnie,Remmer,_1074@mail.com,pATYVR
1075,Randa,Anton,_1075@mail.com,IzkbWpb
1076,Roxane,Holbrook,_1076@mail.com,FfJxsB
1077,Renae,Elbertina,_1077@mail.com,ZmWvwIO
1078,Kary,Sabella,_1078@mail.com,KSaPRWk
1079,Ilse,Maroney,_1079@mail.com,xtaIqQ
1080,Felice,Uund,_1080@mail.com,AvGMkflu
1081,Briney,Hathaway,_1081@mail.com,yMmDXI
1082,Darci,Helve,_1082@mail.com,ZnHTrU
1083,Moyna,Joseph,_1083@mail.com,csTtXhNh
1084,Andree,Arne,_1084@mail.com,KJJDMf
1085,Lolita,Lasley,_1085@mail.com,bPWvnu
1086,Ira,Lalitta,_1086@mail.com,HfowhIiy
1087,Sabina,Schonfeld,_1087@mail.com,VEQTTFh
1088,Janis,Dash,_1088@mail.com,GXlcRqh
1089,Desirae,Curren,_1089@mail.com,dLxpXi
1090,Clementine,Kunin,_1090@mail.com,nVPMJB
1091,Damaris,Sperling,_1091@mail.com,svboUa
1092,Fanny,Raffo,_1092@mail.com,gTSqUm
1093,Delilah,Ashely,_1093@mail.com,FbEedfl
1094,Madelle,Clywd,_1094@mail.com,ZxGZIc
1095,Ariela,Rodmann,_1095@mail.com,KgBeFA
1096,Livvyy,Anestassia,_1096@mail.com,RpjMnS
1097,Sheree,Roarke,_1097@mail.com,srqEtH
1098,Britte,Lymann,_1098@mail.com,hNoYdxUY
1099,Alyssa,Roxanna,_1099@mail.com,OSDWWu
1100,Dari,O'Neill,_1100@mail.com,KWlJNmtA
1101,Genovera,Elo,_1101@mail.com,vyYfKjma
1102,Jordan,Belldas,_1102@mail.com,Opxxnz
1103,Benita,Concha,_1103@mail.com,rzwMoqT
1104,Alameda,Billye,_1104@mail.com,AAYumL
1105,Hettie,Wallis,_1105@mail.com,nyAVQlwB
1106,Romona,Flyn,_1106@mail.com,KChMEG
1107,Krystle,Concha,_1107@mail.com,MvZsbKR
1108,Cassondra,Schlosser,_1108@mail.com,nlAXCA
1109,Tori,Howlyn,_1109@mail.com,XWBidd
1110,Allyce,Daegal,_1110@mail.com,UYpbzBCx
1111,Drucie,Poppy,_1111@mail.com,eUULTe
1112,Vivia,Fulmer,_1112@mail.com,sZTgZEK
1113,Codie,Wooster,_1113@mail.com,geGSORgB
1114,Dianemarie,Korey,_1114@mail.com,dLUynNK
1115,Hyacinthe,Margret,_1115@mail.com,vXydLyJ
1116,Goldie,Chandler,_1116@mail.com,MrguvZ
1117,Beth,Berard,_1117@mail.com,onIAti
1118,Margette,Belanger,_1118@mail.com,MYFnKb
1119,Sonni,Tippets,_1119@mail.com,BgmHuwJJ
1120,Loree,Lareena,_1120@mail.com,YyGTyG
1121,Ottilie,Lesley,_1121@mail.com,lKxJUZSQ
1122,Olivette,Kenwood,_1122@mail.com,UBuYCS
1123,Frieda,Paton,_1123@mail.com,aMpTgAVh
1124,Shauna,Suanne,_1124@mail.com,drDFwJy
1125,Antonietta,Regan,_1125@mail.com,QyuHlCS
1126,Nicoli,Rustice,_1126@mail.com,vceCih
1127,Henriette,Diann,_1127@mail.com,EjmiYsef
1128,Netty,Mehalek,_1128@mail.com,TYcOiB
1129,Ninnetta,Dosia,_1129@mail.com,Bduqml
1130,Harmonia,Love,_1130@mail.com,uAxESVJa
1131,Lenna,Stephie,_1131@mail.com,xhJear
1132,Neila,Joachim,_1132@mail.com,sEwQQE
1133,Tierney,Elsinore,_1133@mail.com,BNJltGw
1134,Alleen,Viddah,_1134@mail.com,EVtltQ
1135,Jenilee,Marijo,_1135@mail.com,ptteMv
1136,Maud,Maribeth,_1136@mail.com,VvqxIGaK
1137,Blondelle,Zrike,_1137@mail.com,cTPCna
1138,Marjie,Bearnard,_1138@mail.com,MDSHALI
1139,Eolanda,Wu,_1139@mail.com,SVlzVuC
1140,Coral,Thilda,_1140@mail.com,soaFUBX
1141,Chrystel,Palocz,_1141@mail.com,YUhMnw
1142,Libbie,Cassius,_1142@mail.com,OsvEJIr
1143,Aaren,Concha,_1143@mail.com,WfElfZ
1144,Kary,Elo,_1144@mail.com,sEcWgdCw
1145,Kaja,Birdella,_1145@mail.com,BQQDQmp
1146,Ekaterina,Zeeba,_1146@mail.com,FkvwAtB
1147,Dagmar,Drus,_1147@mail.com,NDiYQTC
1148,Flory,Corilla,_1148@mail.com,wocdszqc
1149,Roxane,Schroth,_1149@mail.com,YsiuMd
1150,Desirae,Ezar,_1150@mail.com,TRFHDA
1151,Rosaline,Lynn,_1151@mail.com,PRSFbL
1152,Mahalia,Leary,_1152@mail.com,ekeLSurb
1153,Paola,An,_1153@mail.com,OeathKhZ
1154,Myriam,Fabiola,_1154@mail.com,RITsoA
1155,Roslyn,Schwejda,_1155@mail.com,TGGJMZo
1156,Misha,Damarra,_1156@mail.com,BQVfSn
1157,Tamqrah,Bonucci,_1157@mail.com,fSnyTZi
1158,Marguerite,Gino,_1158@mail.com,OjOgyGXm
1159,Elmira,Nance,_1159@mail.com,LkwUEi
1160,Cassondra,Margret,_1160@mail.com,PXRQUhE
1161,Robinia,Zenas,_1161@mail.com,ZpwNeV
1162,Iseabal,Xerxes,_1162@mail.com,jnKNZMd
1163,Gianina,Norvol,_1163@mail.com,bvsmBBHs
1164,Adriana,Nance,_1164@mail.com,CSGIzcm
1165,Cyndie,Fax,_1165@mail.com,bpEIyi
1166,Rubie,Truc,_1166@mail.com,PhjSEIkC
1167,Lucille,Anyah,_1167@mail.com,UtBpLl
1168,Jerry,Lipson,_1168@mail.com,MGqoCK
1169,Wileen,Egbert,_1169@mail.com,XWMGUQ
1170,Lorenza,Granoff,_1170@mail.com,rcutkN
1171,Sean,Emanuel,_1171@mail.com,SnAwIXp
1172,Tina,Erb,_1172@mail.com,cGBSka
1173,Daphne,Creamer,_1173@mail.com,TUpMdq
1174,Shirlee,Selway,_1174@mail.com,txKNGoY
1175,Minne,Corabella,_1175@mail.com,gLjlDjX
1176,Margette,Belanger,_1176@mail.com,jFpKEQtI
1177,Bobbi,Ezar,_1177@mail.com,VNugOs
1178,Magdalena,Vastah,_1178@mail.com,rOzWCKh
1179,Siana,Zitvaa,_1179@mail.com,DCsMIYWH
1180,Brandise,Gower,_1180@mail.com,quiwbGjH
1181,Fayre,Harriman,_1181@mail.com,SdKnLYOS
1182,Ivett,Wattenberg,_1182@mail.com,offLnJ
1183,Deirdre,Fax,_1183@mail.com,zFmVnq
1184,Jsandye,Soneson,_1184@mail.com,SWTHRPBD
1185,Emilia,Chaing,_1185@mail.com,bLmxHEu
1186,Dulcinea,Haymes,_1186@mail.com,qTPYPj
1187,Deedee,Hourigan,_1187@mail.com,HsnChlQb
1188,Constance,Hoban,_1188@mail.com,FJCbvJ
1189,Donnie,Hortensia,_1189@mail.com,nGgTCiFw
1190,Wendi,Edison,_1190@mail.com,KMsNqJ
1191,Inga,Harriman,_1191@mail.com,gUqmmzau
1192,Maryellen,Monaco,_1192@mail.com,jqjXloip
1193,Edith,Esmaria,_1193@mail.com,AJneAG
1194,Letizia,Anderea,_1194@mail.com,nzAxeC
1195,Marguerite,Wesle,_1195@mail.com,XkTJfZ
1196,Ariela,Cyrie,_1196@mail.com,ptZcRrD
1197,Nariko,Cherianne,_1197@mail.com,BrdXDrh
1198,Marylou,Liebermann,_1198@mail.com,rVuplHd
1199,Catrina,Seumas,_1199@mail.com,maXccBa
1200,Lusa,Fontana,_1200@mail.com,CTzRTubU
1201,Kathy,Stevy,_1201@mail.com,mNWYSSH
1202,Starla,Hubert,_1202@mail.com,ikPwCh
1203,Celestyna,Pearse,_1203@mail.com,CvAtrKK
1204,Nicoli,Grosz,_1204@mail.com,MZksSSg
1205,Roseline,Rosette,_1205@mail.com,RAOmJPY
1206,Stevana,Olnee,_1206@mail.com,btgJRe
1207,Natka,Strephon,_1207@mail.com,knLGvLK
1208,Tarra,Shuler,_1208@mail.com,KTlEWg
1209,Kore,Chauncey,_1209@mail.com,xSKjPa
1210,Jenda,Stanwood,_1210@mail.com,qwqQaYh
1211,Ardeen,Natalia,_1211@mail.com,CjxguDz
1212,Carilyn,Ranjiv,_1212@mail.com,VbVoKj
1213,Lucy,Friede,_1213@mail.com,vokAQO
1214,Verla,Krystle,_1214@mail.com,cJrPUVpz
1215,Molli,August,_1215@mail.com,IYgnCjG
1216,Cristine,Amand,_1216@mail.com,QcKKFQ
1217,Emmey,Liva,_1217@mail.com,OlvGPDAv
1218,Merci,Suk,_1218@mail.com,sEFBAUm
1219,Kerrin,Mata,_1219@mail.com,CMVpno
1220,Ronna,Eldrid,_1220@mail.com,OqAmMBci
1221,Sarette,Cyrie,_1221@mail.com,GoEUkN
1222,Brooks,Celestine,_1222@mail.com,kFVJdCyF
1223,Madelle,Suanne,_1223@mail.com,nXInLXi
1224,Gusella,Prober,_1224@mail.com,xwDfhZb
1225,Claresta,Joli,_1225@mail.com,qeYsPav
1226,Emylee,Warthman,_1226@mail.com,DaqyRA
1227,Marita,Paine,_1227@mail.com,lHOSdW
1228,Ileana,Peg,_1228@mail.com,tzameDt
1229,Merry,Natica,_1229@mail.com,nymYRwI
1230,Tomasina,Payson,_1230@mail.com,gVjEptuo
1231,Jaime,Oriana,_1231@mail.com,oZKHxCIx
1232,Dale,Simmonds,_1232@mail.com,wEIuAR
1233,Max,Cloris,_1233@mail.com,BxZkUMu
1234,Sallie,Sandye,_1234@mail.com,yGBOAGq
1235,Aaren,Fulmer,_1235@mail.com,HATHEhi
1236,Coral,Bryna,_1236@mail.com,RNzVxH
1237,Dorthy,Cornelia,_1237@mail.com,NNvJlo
1238,Charmaine,Tomasina,_1238@mail.com,hDTHVq
1239,Aigneis,Dorcy,_1239@mail.com,jImSzLW
1240,Chickie,Esmaria,_1240@mail.com,uPJWeLo
1241,Kittie,Mitzi,_1241@mail.com,Jxqsnz
1242,Nicoli,Vharat,_1242@mail.com,PWUwiZOw
1243,Livvyy,Plato,_1243@mail.com,sSflOobx
1244,Lanae,Hilbert,_1244@mail.com,phsBZD
1245,Brena,Roumell,_1245@mail.com,IXrfdt
1246,Frank,MacIntosh,_1246@mail.com,POyGHL
1247,Ayn,Ulphia,_1247@mail.com,MrROOg
1248,Albertina,Thar,_1248@mail.com,WbzYtHWI
1249,Aeriela,Greyson,_1249@mail.com,RYLfGCit
1250,Mignon,Cressida,_1250@mail.com,qDAVjS
1251,June,Keelia,_1251@mail.com,kmtomNUY
1252,Carmencita,Jena,_1252@mail.com,oJChXp
1253,Marika,Rossner,_1253@mail.com,tItymvZM
1254,Katuscha,Rodmann,_1254@mail.com,uQUTXeh
1255,Alia,Juliet,_1255@mail.com,KEgCjf
1256,Lorne,August,_1256@mail.com,pLiuOO
1257,Britni,Casimir,_1257@mail.com,PkvjyOGQ
1258,Bobinette,Tomasina,_1258@mail.com,VMBkCG
1259,Brandise,Erminia,_1259@mail.com,hEGkgptA
1260,Selia,Melony,_1260@mail.com,uEGGkyXN
1261,Cecile,Wenda,_1261@mail.com,STaXKot
1262,Suzette,Clarissa,_1262@mail.com,XiCvIrGA
1263,Sadie,Cressida,_1263@mail.com,gcTCSxAx
1264,Josephine,Valerio,_1264@mail.com,HQGhLkM
1265,Lucille,Infield,_1265@mail.com,vFgLIiC
1266,Jemie,Gahl,_1266@mail.com,OHFCnjy
1267,Steffane,Schonfeld,_1267@mail.com,GqkmxLiB
1268,Augustine,Gilbertson,_1268@mail.com,DEpfMw
1269,Dale,Carey,_1269@mail.com,SeCXcw
1270,Siana,Genna,_1270@mail.com,kdbiEK
1271,Kaja,Kellby,_1271@mail.com,LsUvaYr
1272,Gloria,Schalles,_1272@mail.com,wZEFwmve
1273,Mariele,Vins,_1273@mail.com,HsyLZK
1274,Jessamyn,Hashim,_1274@mail.com,ZKflvmXv
1275,Ileana,Sophronia,_1275@mail.com,rfZJXREQ
1276,Rochette,Abernon,_1276@mail.com,GEtPBWzt
1277,Berta,Carey,_1277@mail.com,zzvMqnVz
1278,Sidoney,Lunsford,_1278@mail.com,lFNdpe
1279,Nollie,Pattin,_1279@mail.com,ttduEvp
1280,Leontine,Colp,_1280@mail.com,xgFtmp
1281,Jerry,Donell,_1281@mail.com,pJNoQN
1282,Ariela,Maples,_1282@mail.com,qlWHuLwg
1283,Raf,Alfons,_1283@mail.com,QengrKhg
1284,Elyssa,Uird,_1284@mail.com,acWypOCC
1285,Aurelie,Buffum,_1285@mail.com,JQYIxJkj
1286,Vivia,Kaja,_1286@mail.com,cDcMKTmV
1287,Annice,Chem,_1287@mail.com,kcsqCY
1288,Hildegaard,Phaidra,_1288@mail.com,LADDnSO
1289,Berta,Ortrude,_1289@mail.com,DPVJHt
1290,Estell,Smitt,_1290@mail.com,IjyPmO
1291,Morganica,Andrel,_1291@mail.com,BFaAoN
1292,Diena,Juan,_1292@mail.com,WOVLlm
1293,Lory,Lumbard,_1293@mail.com,tbNbyL
1294,Sam,Behre,_1294@mail.com,GesHyU
1295,Eve,Glovsky,_1295@mail.com,riiCRbw
1296,Annora,Faro,_1296@mail.com,ECdwnX
1297,Fred,Daegal,_1297@mail.com,pJfoOUm
1298,Christal,Bethany,_1298@mail.com,gDMiULMV
1299,Clary,Dex,_1299@mail.com,rEQFoS
1300,Ariela,Stover,_1300@mail.com,ABfECe
1301,Gui,Brandice,_1301@mail.com,SDNOFb
1302,Nicoli,Abram,_1302@mail.com,LDHabMPG
1303,Shirlee,Craggie,_1303@mail.com,cLkQms
1304,Micheline,Birdella,_1304@mail.com,KfPdzSwS
1305,Halette,Kristi,_1305@mail.com,HNBLWJK
1306,Alie,Adamsen,_1306@mail.com,vaoRAJW
1307,Lanna,Sammons,_1307@mail.com,YCuFxNLM
1308,Hollie,Hebner,_1308@mail.com,mrdmRU
1309,Elvira,Fairweather,_1309@mail.com,qEgRYmt
1310,Mariann,Helfand,_1310@mail.com,ynuDhuS
1311,Sean,Telfer,_1311@mail.com,TQXVYoxp
1312,Karina,Nickola,_1312@mail.com,zBztYY
1313,Aimil,Loring,_1313@mail.com,tFKRhuD
1314,Karlee,Cherianne,_1314@mail.com,GPwvyGN
1315,Alex,Nance,_1315@mail.com,zuQpct
1316,Asia,Gladstone,_1316@mail.com,eafcMnS
1317,Nadine,Sothena,_1317@mail.com,DIdnrgU
1318,Wanda,Mintz,_1318@mail.com,TiYvhIGh
1319,Flory,Autrey,_1319@mail.com,URCqmaX
1320,Lucille,Berne,_1320@mail.com,yrffAKM
1321,Emelina,Tayib,_1321@mail.com,xwRjkp
1322,Candy,Eachern,_1322@mail.com,zsSeFX
1323,Cathyleen,Tacye,_1323@mail.com,WLLlMlB
1324,Sharai,Diann,_1324@mail.com,XewUJXR
1325,Elka,Lattie,_1325@mail.com,PyRrOa
1326,Melisent,Blisse,_1326@mail.com,GDUUmqx
1327,Daryl,Carlson,_1327@mail.com,BjBMpvXh
1328,Helsa,Konyn,_1328@mail.com,BYQgQlSM
1329,Deloria,Yuille,_1329@mail.com,LbtNLsLx
1330,Justinn,Judye,_1330@mail.com,UAvJJJnR
1331,Heddie,Ortrude,_1331@mail.com,XWfzUOLE
1332,Chastity,Forrer,_1332@mail.com,ltCUnwJ
1333,Sallie,Hubert,_1333@mail.com,hxxdNDT
1334,Ivett,Timon,_1334@mail.com,sYZMNwv
1335,Lesly,Campball,_1335@mail.com,mgAipS
1336,Petronia,Si,_1336@mail.com,tmTZMLA
1337,Lindie,Hull,_1337@mail.com,UwoBHPx
1338,Selma,Ellord,_1338@mail.com,QKWVjUM
1339,Chloris,Podvin,_1339@mail.com,tgfREgB
1340,Edyth,Rosemary,_1340@mail.com,TLyvBz
1341,Nelle,Love,_1341@mail.com,YrpkTp
1342,Joleen,Ramona,_1342@mail.com,drOQLd
1343,Danny,Goode,_1343@mail.com,qPipwE
1344,Lanna,Cassius,_1344@mail.com,fThsKdo
1345,Addia,Brenn,_1345@mail.com,BXlKxs
1346,Joeann,Sancho,_1346@mail.com,URlkWN
1347,Sophia,Ehrman,_1347@mail.com,ZlTMsT
1348,Kara-Lynn,Azeria,_1348@mail.com,MvPVVBA
1349,Heddie,Milde,_1349@mail.com,BDhPqhyC
1350,Sibella,Muriel,_1350@mail.com,qjOhQD
1351,Paule,Marden,_1351@mail.com,eWKwNtSe
1352,Olwen,Armanda,_1352@mail.com,tZPhZBBK
1353,Celestyna,Lay,_1353@mail.com,UubVfnA
1354,Gusella,Radu,_1354@mail.com,UGbEcpd
1355,Maurene,Braun,_1355@mail.com,FvnHQP
1356,Ezmeralda,Zamora,_1356@mail.com,FSHHdc
1357,Kylynn,Hewitt,_1357@mail.com,tXkcAnT
1358,Paola,Kylander,_1358@mail.com,lUwZsgnz
1359,Rozele,Elephus,_1359@mail.com,hJPspch
1360,Dennie,Krystle,_1360@mail.com,Nqffuw
1361,Zsa Zsa,Niccolo,_1361@mail.com,cZBZUppI
1362,Angelique,Winnick,_1362@mail.com,GIZdHCWd
1363,Cristabel,Posner,_1363@mail.com,kkgefb
1364,Kimmy,Jotham,_1364@mail.com,MmNlno
1365,Alameda,Parsaye,_1365@mail.com,yvzbhA
1366,Dari,Waite,_1366@mail.com,ejlaQRW
1367,Tiffie,Dahlia,_1367@mail.com,JxaGPlmT
1368,Neila,Tristram,_1368@mail.com,zyUSwqY
1369,Andeee,Silvan,_1369@mail.com,aOenbJ
1370,Tamqrah,Kelula,_1370@mail.com,SMsiRQg
1371,Sibella,Alcott,_1371@mail.com,OMRtnd
1372,Zsa Zsa,Mallon,_1372@mail.com,uCuODQG
1373,Celestyna,Hillel,_1373@mail.com,GDpxjYgv
1374,Shannah,Viddah,_1374@mail.com,UwfwZi
1375,Glynnis,Pip,_1375@mail.com,RKjusgG
1376,Miquela,Redmond,_1376@mail.com,eIKAHqTx
1377,Lusa,Podvin,_1377@mail.com,megCUo
1378,Emmey,Briney,_1378@mail.com,BXmCezS
1379,Nadine,Ochs,_1379@mail.com,urNFqob
1380,Dorothy,Oster,_1380@mail.com,ZkHaxF
1381,Hildegaard,Chabot,_1381@mail.com,oRByFZzx
1382,Althea,Friede,_1382@mail.com,Aniqty
1383,Lizzie,Richers,_1383@mail.com,tCKUPS
1384,Lucy,Cornelia,_1384@mail.com,sKNtNfZJ
1385,Elmira,Berl,_1385@mail.com,JnSBxlHG
1386,Gerrie,Loleta,_1386@mail.com,zbVyQF
1387,Roslyn,Dudley,_1387@mail.com,qBfqLK
1388,Lauryn,Niles,_1388@mail.com,tqXkNGU
1389,Selia,Shama,_1389@mail.com,qnQgMuE
1390,Meghann,Rolf,_1390@mail.com,XAziqjj
1391,Dotty,Sherfield,_1391@mail.com,JdPqFe
1392,Kial,Halla,_1392@mail.com,yOHPnu
1393,Myrtice,Toor,_1393@mail.com,xvQlqVOs
1394,Merry,Vins,_1394@mail.com,TyTUczR
1395,Ivett,Kaete,_1395@mail.com,sHUfAw
1396,Sallie,Iaverne,_1396@mail.com,cwxDhdAB
1397,Cassondra,Rolf,_1397@mail.com,CLUFPRVI
1398,Aili,Halla,_1398@mail.com,lWVQFVZ
1399,Natka,Gaynor,_1399@mail.com,XxNdTKvl
1400,Sidoney,Lowry,_1400@mail.com,kxsamwHt
1401,Marnia,Louanna,_1401@mail.com,reXiPa
1402,Margalo,Darbie,_1402@mail.com,josQWIGa
1403,Odessa,Phaidra,_1403@mail.com,BKMajh
1404,Aryn,Neva,_1404@mail.com,ovOsaU
1405,Chrystel,Goth,_1405@mail.com,zXLKSOlj
1406,Jeanna,Blake,_1406@mail.com,bqyFfE
1407,Cathie,Gombach,_1407@mail.com,IbQSEMEG
1408,Ulrike,Joeann,_1408@mail.com,USFFxB
1409,Ericka,Kellby,_1409@mail.com,lRYJCZ
1410,Anthia,Joeann,_1410@mail.com,xQDGXz
1411,Nanete,Goddard,_1411@mail.com,izGAgJW
1412,Sonni,Faria,_1412@mail.com,RVtXiz
1413,Lynea,Sprage,_1413@mail.com,IgMGAbuQ
1414,Libbie,Dunkin,_1414@mail.com,JEfFdcV
1415,Adore,Heisel,_1415@mail.com,AFfIZat
1416,Annice,Dorcy,_1416@mail.com,QYCiZbvY
1417,Lyssa,Pacorro,_1417@mail.com,SkDizarH
1418,Livvyy,Faro,_1418@mail.com,nGseuQ
1419,Jobi,Sidonius,_1419@mail.com,mjWIBWa
1420,Bill,Mayeda,_1420@mail.com,RffXiLxe
1421,Jolyn,Jarib,_1421@mail.com,eyvlVCR
1422,Siana,Wesle,_1422@mail.com,xOvxYMb
1423,Ethel,Randene,_1423@mail.com,zaKZlb
1424,Max,Pillsbury,_1424@mail.com,EAlqgX
1425,Orelia,Tacye,_1425@mail.com,foxpPQ
1426,Lusa,O'Neill,_1426@mail.com,rbbRKm
1427,Hettie,Shields,_1427@mail.com,XmnpofMi
1428,Tamqrah,Norrie,_1428@mail.com,kXvdlTbU
1429,Sean,Smitt,_1429@mail.com,WsAWvywd
1430,Bernie,Sprage,_1430@mail.com,CxweZW
1431,Jasmina,Anselmi,_1431@mail.com,AUZMlEn
1432,Marcelline,Nunci,_1432@mail.com,YTxUAwXQ
1433,Rani,Pillsbury,_1433@mail.com,iFwBxIDv
1434,Korrie,Fosque,_1434@mail.com,XMCqwi
1435,Wynne,Matthew,_1435@mail.com,dchczgQB
1436,Blinni,Dannye,_1436@mail.com,QUUNTgW
1437,Winny,Dyche,_1437@mail.com,kMucqUJ
1438,Belinda,Alice,_1438@mail.com,vIOTmL
1439,Lynde,Mallon,_1439@mail.com,LoAcVD
1440,Meg,Harriman,_1440@mail.com,wAIpbWI
1441,Aimil,Wooster,_1441@mail.com,rhXXeR
1442,Marylou,Pulsifer,_1442@mail.com,vgopwUqH
1443,Tomasina,Kevon,_1443@mail.com,wXFzHV
1444,Hallie,Swanhildas,_1444@mail.com,GpwRmum
1445,Yolane,Rhu,_1445@mail.com,EUDoGlJl
1446,Goldie,Quent,_1446@mail.com,evuXQjxI
1447,Catharine,Hailee,_1447@mail.com,XocKbQ
1448,Marjie,Pierette,_1448@mail.com,wMIespoz
1449,Johna,Zamora,_1449@mail.com,KnxfxR
1450,Sadie,Randene,_1450@mail.com,JQWuGqvN
1451,Imojean,Simmonds,_1451@mail.com,skTpvI
1452,Agnese,Pettiford,_1452@mail.com,UCpwil
1453,Katuscha,Claudine,_1453@mail.com,YCsvXht
1454,Gianina,Carlson,_1454@mail.com,NIjEOK
1455,Neila,Freddi,_1455@mail.com,vPIBqT
1456,Lacie,Norvol,_1456@mail.com,cZwWOTWB
1457,Zia,Munn,_1457@mail.com,ATIkbSl
1458,Andeee,Primalia,_1458@mail.com,onThQt
1459,Caritta,Boycey,_1459@mail.com,ORLFeoVj
1460,Danny,Loeb,_1460@mail.com,PVlNbCFo
1461,Penelopa,Leler,_1461@mail.com,gflqENB
1462,Nataline,Weinreb,_1462@mail.com,QYulay
1463,Tatiania,Olympium,_1463@mail.com,dCxEIwb
1464,Max,Ball,_1464@mail.com,hvGbxQL
1465,Briney,Nunci,_1465@mail.com,jkdfGdxN
1466,Maryellen,Stilwell,_1466@mail.com,PGuYwatt
1467,Josephine,Kathie,_1467@mail.com,QrHPGlz
1468,Arabel,Macey,_1468@mail.com,fqZnLYqY
1469,Nyssa,Maribeth,_1469@mail.com,baSEPkvb
1470,Gretal,Sawtelle,_1470@mail.com,KJNypQBD
1471,Gratia,Avi,_1471@mail.com,PiawyLL
1472,Asia,Gaynor,_1472@mail.com,xHUcWR
1473,Arlena,Maryanne,_1473@mail.com,mHpGtG
1474,Flo,Phaidra,_1474@mail.com,qXJhNHGs
1475,Darci,Hathaway,_1475@mail.com,QvWJWrkn
1476,Charmaine,Hull,_1476@mail.com,FQGBNaW
1477,Tatiania,Jerold,_1477@mail.com,BmpvGlJ
1478,Brena,Paine,_1478@mail.com,CHNAaje
1479,Sam,Niles,_1479@mail.com,CuuUQc
1480,Zsa Zsa,Raseda,_1480@mail.com,FJfYCB
1481,Minne,Eachern,_1481@mail.com,LHKOxmeH
1482,Diena,Kirstin,_1482@mail.com,nqitkUEH
1483,Kalina,Curren,_1483@mail.com,nrHgzaCe
1484,Millie,Sabella,_1484@mail.com,kWIarSkd
1485,Edee,Imelida,_1485@mail.com,kusgIlA
1486,Morganica,Ivens,_1486@mail.com,mnSUtb
1487,Katuscha,Heisel,_1487@mail.com,YxcvLz
1488,Penelopa,Grobe,_1488@mail.com,JRfYhL
1489,Carolina,Johnsson,_1489@mail.com,ZfCcSt
1490,Thalia,Natalia,_1490@mail.com,eabTdCyZ
1491,Correy,Ardra,_1491@mail.com,WoDbYbBI
1492,Violet,Riordan,_1492@mail.com,XlyWhp
1493,Petronia,Jary,_1493@mail.com,RvnnEHlz
1494,Tersina,Sparhawk,_1494@mail.com,hAItgM
1495,Roslyn,Fry,_1495@mail.com,qfricfd
1496,Beverley,Aurelio,_1496@mail.com,ESAzDk
1497,Shannah,Jalbert,_1497@mail.com,ivwlXKG
1498,Kirbee,Oscar,_1498@mail.com,DgNOhFaV
1499,Iseabal,Hanleigh,_1499@mail.com,fDODcT
1500,Anestassia,Baylor,_1500@mail.com,ucSMVm
1501,Joane,Newell,_1501@mail.com,CFdQem
1502,Elmira,Nickola,_1502@mail.com,RIjOTGG
1503,Dione,Torray,_1503@mail.com,WeFikkg
1504,Ezmeralda,Zrike,_1504@mail.com,UrTEjjZ
1505,Korrie,Ventre,_1505@mail.com,LjhEwidr
1506,Joy,Colbert,_1506@mail.com,XafpHpYt
1507,Jacenta,Sothena,_1507@mail.com,Cczpjkx
1508,Brynna,Sikorski,_1508@mail.com,nriIKW
1509,Gratia,Elo,_1509@mail.com,xKSBJg
1510,Adore,Westphal,_1510@mail.com,siZmsN
1511,Sharlene,Alarise,_1511@mail.com,eWsGKNj
1512,Marti,Fadiman,_1512@mail.com,HVDDweqL
1513,Rivalee,Merna,_1513@mail.com,BOmItCJ
1514,Andeee,Pernick,_1514@mail.com,CRLNfzlF
1515,Frances,Giule,_1515@mail.com,pvTnuRT
1516,Petronia,Colbert,_1516@mail.com,xZobDkd
1517,Valli,Madelene,_1517@mail.com,DYqKSf
1518,Janeczka,Sherfield,_1518@mail.com,vHcRCUy
1519,Natka,Vastah,_1519@mail.com,eocWTjD
1520,Karly,Fancie,_1520@mail.com,JLczLIUx
1521,Doro,Hirsch,_1521@mail.com,NNollpQQ
1522,Belinda,Koziara,_1522@mail.com,tErTotC
1523,Cherrita,Giff,_1523@mail.com,rsGgNJG
1524,Janeczka,Therine,_1524@mail.com,RlHFuhg
1525,Celisse,Breed,_1525@mail.com,GJPymnFd
1526,Margalo,Garrison,_1526@mail.com,tJdrQk
1527,Rozele,Mallon,_1527@mail.com,QAngzs
1528,Elmira,Agle,_1528@mail.com,SejzJHkg
1529,Basia,Elvyn,_1529@mail.com,nmvsxPk
1530,Lesly,Bouchard,_1530@mail.com,UAqhyV
1531,Madelle,Si,_1531@mail.com,VUsVCL
1532,Vere,Fiester,_1532@mail.com,aowRcl
1533,Jobi,Vacuva,_1533@mail.com,iNEABqba
1534,Carlie,Ivens,_1534@mail.com,tEQdPCA
1535,Gisela,Bahr,_1535@mail.com,ImFqTR
1536,Dotty,Sophronia,_1536@mail.com,AjxjyG
1537,Dulce,Belldas,_1537@mail.com,vwOYeq
1538,Gisela,Crudden,_1538@mail.com,SWMNRu
1539,Lorenza,Virgin,_1539@mail.com,JvWjNbdF
1540,Joelly,Kendrick,_1540@mail.com,BhimBuVd
1541,Dulcinea,Mathilde,_1541@mail.com,ocNuMidD
1542,Sherrie,Cressida,_1542@mail.com,FUZBWD
1543,Binny,Warthman,_1543@mail.com,izdTkWio
1544,Bettine,Amasa,_1544@mail.com,XSLbgzZ
1545,Lory,Adore,_1545@mail.com,YmcSCzgt
1546,Dania,Hailee,_1546@mail.com,mHUMJd
1547,Caressa,Gavrila,_1547@mail.com,JujLOjQ
1548,Noelle,Ashely,_1548@mail.com,uRefXBFG
1549,Ardeen,Cavan,_1549@mail.com,RDldVns
1550,Alleen,Ophelia,_1550@mail.com,pcTubhX
1551,Olwen,Yate,_1551@mail.com,YCkegxT
1552,Sadie,Harl,_1552@mail.com,DrRxUajw
1553,Veda,Whittaker,_1553@mail.com,SfWCWNX
1554,Shel,Klemperer,_1554@mail.com,WOAQCp
1555,Ethel,Grayce,_1555@mail.com,aTsuFdB
1556,Grier,Quent,_1556@mail.com,jcIrym
1557,Teddie,Parette,_1557@mail.com,iEbRMdy
1558,Alex,Toor,_1558@mail.com,QdxjJVI
1559,Christy,Merat,_1559@mail.com,zuBNbZdq
1560,Kimberley,Jillane,_1560@mail.com,tSUhKPc
1561,Heida,Arathorn,_1561@mail.com,nUyVusl
1562,Reeba,Lanita,_1562@mail.com,DVPGWfTP
1563,Damaris,Ophelia,_1563@mail.com,PZVxEBYf
1564,Noelle,Wiener,_1564@mail.com,aDcZmBJb
1565,Blondelle,Jotham,_1565@mail.com,GZHAbxsc
1566,Paule,Federica,_1566@mail.com,QdMtuDK
1567,Harmonia,Skurnik,_1567@mail.com,dnCxjvgO
1568,Darlleen,Maples,_1568@mail.com,INJKSmv
1569,Sue,Buttaro,_1569@mail.com,OHmCKd
1570,Blondelle,Daveta,_1570@mail.com,SltaapXn
1571,Suzette,Sawtelle,_1571@mail.com,sPThRnU
1572,Cassandra,Ax,_1572@mail.com,JWWwxGHr
1573,Adelle,Laverne,_1573@mail.com,UWdoft
1574,Neila,Publia,_1574@mail.com,mgldHcvJ
1575,Britte,Janene,_1575@mail.com,IFgnOKs
1576,Zia,Euridice,_1576@mail.com,rVKzPv
1577,Tani,Zenas,_1577@mail.com,esMyhE
1578,Carmela,Bebe,_1578@mail.com,rbMjFI
1579,Giustina,Beebe,_1579@mail.com,GHHFNhQ
1580,Tracey,Judye,_1580@mail.com,iEqTpg
1581,Wendi,Valerio,_1581@mail.com,RGGiJnna
1582,Harrietta,Brotherson,_1582@mail.com,scfwuN
1583,Cindelyn,Morgun,_1583@mail.com,SGgPJYXW
1584,Adriana,Bergman,_1584@mail.com,pKaTMwdd
1585,Glenda,Tomasina,_1585@mail.com,LZIEYnAj
1586,Susan,Mott,_1586@mail.com,JpnlwlL
1587,Kary,Alexandr,_1587@mail.com,RnkuKQ
1588,Cindelyn,Hoenack,_1588@mail.com,swhSvyT
1589,Ivett,Milde,_1589@mail.com,xyQqvv
1590,Mathilda,Erb,_1590@mail.com,hdfUac
1591,Carree,Germann,_1591@mail.com,ZIahOx
1592,Tabbatha,Craggie,_1592@mail.com,dgfBRZ
1593,Valeda,Greenwald,_1593@mail.com,gdarAeQ
1594,Correy,Linehan,_1594@mail.com,UWImgq
1595,Ketti,Faria,_1595@mail.com,WeWDYo
1596,Elmira,Adlare,_1596@mail.com,iIqSqea
1597,Evita,Monk,_1597@mail.com,IlszKT
1598,Hettie,Adamsen,_1598@mail.com,CmEasirp
1599,Perry,Newell,_1599@mail.com,VESaZEg
1600,Bobbi,Jerald,_1600@mail.com,aarbMFOA
1601,Flo,Ashely,_1601@mail.com,PmTJDJ
1602,Sam,Suzetta,_1602@mail.com,NaDnKhI
1603,Trudie,Fry,_1603@mail.com,sJobgy
1604,Frieda,Bollay,_1604@mail.com,xBSHLcMy
1605,Fanchon,Rocray,_1605@mail.com,deKCMWt
1606,Coral,Michella,_1606@mail.com,oczbrTup
1607,Catrina,Zrike,_1607@mail.com,ANtZdFEo
1608,Ardys,Ellerey,_1608@mail.com,NntKna
1609,Kelly,Tatianas,_1609@mail.com,aQHeIgG
1610,Coral,Dudley,_1610@mail.com,PUqBCXFw
1611,Lyssa,Maurine,_1611@mail.com,LjzcFiLT
1612,Heida,Even,_1612@mail.com,hmJVGLDq
1613,Paulita,Leonard,_1613@mail.com,PAjIvnI
1614,Lynea,Kosey,_1614@mail.com,KRtYTDZP
1615,Sheelagh,Ezar,_1615@mail.com,NCVSNbC
1616,Tabbatha,Lipson,_1616@mail.com,tTLUPU
1617,Gavrielle,Chapland,_1617@mail.com,llJvJEI
1618,Roz,Bethany,_1618@mail.com,IqcLix
1619,Kathy,Dahlia,_1619@mail.com,vmMYlht
1620,Hannis,McGrody,_1620@mail.com,LKdyukXx
1621,Briney,Roarke,_1621@mail.com,XOrGfB
1622,Carol-Jean,Travax,_1622@mail.com,VBtyRNZ
1623,Lucy,Glovsky,_1623@mail.com,RlMieN
1624,Daphne,Westphal,_1624@mail.com,dIGCtbuW
1625,Amara,Adore,_1625@mail.com,wYDNKMCT
1626,Annaliese,Mayeda,_1626@mail.com,xqDremnT
1627,Michaelina,Annabella,_1627@mail.com,uULVIuB
1628,Dawn,Palocz,_1628@mail.com,JkneMvl
1629,Kirbee,Lipson,_1629@mail.com,teqrKYs
1630,Andeee,Dowski,_1630@mail.com,aXbRDWbz
1631,Brynna,Aloise,_1631@mail.com,NlvePGj
1632,Siana,Jotham,_1632@mail.com,NrjrTvFf
1633,Caressa,Gualtiero,_1633@mail.com,BiUUgX
1634,Adelle,Roxanna,_1634@mail.com,hhtcwmP
1635,Hollie,Rocray,_1635@mail.com,OhRbPXd
1636,Tori,Serilda,_1636@mail.com,GMeHBl
1637,Berta,Goerke,_1637@mail.com,MxWKwZE
1638,Roberta,Jobi,_1638@mail.com,rKrnvwf
1639,Bettine,Wilona,_1639@mail.com,bndlSN
1640,Adore,Abbot,_1640@mail.com,FUfSAAw
1641,Robinia,Brandice,_1641@mail.com,MACpzafb
1642,Di,Euridice,_1642@mail.com,qqVafT
1643,Blake,Darrell,_1643@mail.com,yMZVRMUB
1644,Randa,Albertine,_1644@mail.com,QurkOJhd
1645,Roberta,Ardeha,_1645@mail.com,KicJLWpC
1646,Donetta,Pelagias,_1646@mail.com,wZVUZLX
1647,Gerrie,Sasnett,_1647@mail.com,qnRbzfx
1648,Elie,O'Rourke,_1648@mail.com,iKOApLqO
1649,Maye,Gaulin,_1649@mail.com,afoULf
1650,Nollie,Dichy,_1650@mail.com,UkQmxcP
1651,Myriam,Shama,_1651@mail.com,nMibeafY
1652,Gloria,Markman,_1652@mail.com,sORBWGw
1653,Elsie,Glenden,_1653@mail.com,iSRCqrn
1654,Desirae,Berne,_1654@mail.com,ulnEGHf
1655,Stacey,Alexandr,_1655@mail.com,awHhWS
1656,Jerry,Granoff,_1656@mail.com,Zabmkk
1657,Hettie,Milde,_1657@mail.com,QWPRhnZq
1658,Mara,Emmaline,_1658@mail.com,xFzsCJ
1659,Kalina,Carey,_1659@mail.com,YxxCwPC
1660,Elise,Maroney,_1660@mail.com,ZJNDeIyu
1661,Merrie,Creamer,_1661@mail.com,BgJlfaYM
1662,Jennica,Gherardo,_1662@mail.com,WbAJip
1663,Clary,Dulciana,_1663@mail.com,Wdjjiy
1664,Lusa,Clarissa,_1664@mail.com,PgPAyMsS
1665,Charlena,Berriman,_1665@mail.com,MJLhDqN
1666,Edyth,Ferino,_1666@mail.com,hfyeOI
1667,Dulcinea,Korey,_1667@mail.com,BZmuLPR
1668,Carree,Lilas,_1668@mail.com,TLQRRnTM
1669,Gaylene,Joni,_1669@mail.com,mRbupG
1670,Rani,Delila,_1670@mail.com,gNYXzFpq
1671,Ericka,Goth,_1671@mail.com,KArZqJQY
1672,Albertina,Heidt,_1672@mail.com,eimiznzI
1673,Paola,Amasa,_1673@mail.com,eOsOAOF
1674,Selma,Monk,_1674@mail.com,gzChBLF
1675,Maisey,Philipp,_1675@mail.com,ErcGcLdc
1676,Zaria,Bury,_1676@mail.com,ZJfDBUhv
1677,Carree,Munn,_1677@mail.com,GjxypSeB
1678,Jemie,Kermit,_1678@mail.com,rEzKEcl
1679,Raquela,Rugen,_1679@mail.com,ZNZWHv
1680,Orsola,Amasa,_1680@mail.com,WjQNhm
1681,Ileana,Boycey,_1681@mail.com,AGJnLo
1682,Cristabel,Eliathas,_1682@mail.com,RILewNW
1683,Lory,Evangelia,_1683@mail.com,lMeruXlD
1684,Minda,Haymes,_1684@mail.com,Pjqnca
1685,Tera,Cutlerr,_1685@mail.com,rdvsgWSB
1686,Cecile,Johnsson,_1686@mail.com,EphLaB
1687,Joceline,Carleen,_1687@mail.com,iIOGRQTz
1688,Glynnis,Sikorski,_1688@mail.com,UNXLbjdA
1689,Chastity,Sparhawk,_1689@mail.com,exZVnsl
1690,Nataline,Egbert,_1690@mail.com,AmvmZr
1691,Johna,Avi,_1691@mail.com,greuOq
1692,Judy,Joeann,_1692@mail.com,jkPFCHe
1693,Tatiania,Vivle,_1693@mail.com,mHOlCm
1694,Reeba,Tomasina,_1694@mail.com,YOCczH
1695,Yetty,Hedve,_1695@mail.com,vomQuucx
1696,Darci,Hamil,_1696@mail.com,ktwcTWo
1697,Andeee,Toni,_1697@mail.com,PcgYijG
1698,Florencia,Zachary,_1698@mail.com,uDAJUJ
1699,Clo,Keelia,_1699@mail.com,omxKmk
1700,Maridel,Mullane,_1700@mail.com,mNmvIh
1701,Nadine,Harriman,_1701@mail.com,veudwtGd
1702,Josephine,Ralfston,_1702@mail.com,NIusBb
1703,Molli,Ellord,_1703@mail.com,oGQchh
1704,Charmaine,Alejoa,_1704@mail.com,sKkoJGp
1705,Dorthy,Jacinda,_1705@mail.com,WGMzeuQA
1706,Yetty,Darian,_1706@mail.com,WYojETN
1707,Sheree,Medrek,_1707@mail.com,bhBRSzMm
1708,Misha,Amadas,_1708@mail.com,PFuxBxhp
1709,Beth,Gaulin,_1709@mail.com,yAbCshg
1710,Hallie,Santoro,_1710@mail.com,uqWith
1711,Kial,Brenn,_1711@mail.com,RgoBSkl
1712,Kathy,Ambrosia,_1712@mail.com,JrdBwz
1713,Yetty,Jacqui,_1713@mail.com,sFRwHm
1714,Amalie,Faust,_1714@mail.com,NxFwfzeQ
1715,Averyl,Maxi,_1715@mail.com,QtqUljGG
1716,Sheree,Sholley,_1716@mail.com,shCtOCga
1717,Mariele,Schwejda,_1717@mail.com,olqFzzP
1718,Beatriz,Rese,_1718@mail.com,vtjzPIgC
1719,Renae,Engdahl,_1719@mail.com,TryWepjb
1720,Meg,Helfand,_1720@mail.com,IEyhKHOf
1721,Ulrike,Jorgan,_1721@mail.com,zfcbNq
1722,Anallese,Fulmer,_1722@mail.com,FxjcvqB
1723,Gusty,Alabaster,_1723@mail.com,HGMuXQ
1724,Nikki,Kiersten,_1724@mail.com,quumayr
1725,Mara,Leler,_1725@mail.com,csSKrcr
1726,Madalyn,Gillan,_1726@mail.com,UdNKEQY
1727,Wanda,Dorine,_1727@mail.com,RzGDsrN
1728,Kimberley,Dowski,_1728@mail.com,qNpcIn
1729,Annabela,Koziara,_1729@mail.com,CtoIhm
1730,Netty,Anselmi,_1730@mail.com,lwKJBzv
1731,Althea,Curren,_1731@mail.com,gLQtcrs
1732,Nariko,Adamsen,_1732@mail.com,YbYChZ
1733,Shandie,Melan,_1733@mail.com,JIcXxNYl
1734,Lizzie,Uird,_1734@mail.com,HFSQMi
1735,Joeann,Aloise,_1735@mail.com,ftfeaW
1736,Elbertina,Sammons,_1736@mail.com,OtMlYpp
1737,Cristine,Levey,_1737@mail.com,XxTFZARX
1738,Brooks,Kare,_1738@mail.com,FDEaGG
1739,Dianemarie,Vastah,_1739@mail.com,zBSLOTo
1740,Clementine,Susannah,_1740@mail.com,pRKMBE
1741,Elsie,Francene,_1741@mail.com,HWqyROG
1742,Averyl,Klemperer,_1742@mail.com,vmIXBwQ
1743,Vere,Radu,_1743@mail.com,CtaZqtQ
1744,Miquela,Stephie,_1744@mail.com,MuATyAQE
1745,Tabbatha,Vilma,_1745@mail.com,fMwyeAZI
1746,Gretal,Linskey,_1746@mail.com,AoJmpB
1747,Odessa,Bronk,_1747@mail.com,QZdQDWPg
1748,Katharina,Alisia,_1748@mail.com,ejEwKfb
1749,Bernie,Yerkovich,_1749@mail.com,KKCSVASX
1750,Layla,Baudin,_1750@mail.com,VRSbJoe
1751,Jessamyn,Old,_1751@mail.com,zMyIxog
1752,Vevay,Prober,_1752@mail.com,yhppNoAV
1753,Aurore,O'Rourke,_1753@mail.com,WKpmki
1754,Cassondra,Bonucci,_1754@mail.com,GEXaHkp
1755,Judy,Percy,_1755@mail.com,lqWLCEb
1756,Sophia,Kimmie,_1756@mail.com,kTmucXJD
1757,Kate,Elephus,_1757@mail.com,fyVWnuT
1758,Althea,Kellby,_1758@mail.com,pmJAbOtx
1759,Chere,Taima,_1759@mail.com,FYLuhVMC
1760,Gabi,Wenoa,_1760@mail.com,kZGcAX
1761,Laure,Bevin,_1761@mail.com,sSqWPKVd
1762,Kaja,Brady,_1762@mail.com,TRSIlfH
1763,Berget,Danby,_1763@mail.com,DYwdIFD
1764,Lonnie,Roche,_1764@mail.com,KSDhwXCa
1765,Daphne,Rosalba,_1765@mail.com,YyAKBWDk
1766,Maisey,Llovera,_1766@mail.com,XXspnuGd
1767,Celestyna,Sabella,_1767@mail.com,RxQubiml
1768,Dacia,Hilbert,_1768@mail.com,SzXqdn
1769,Nadine,Chaing,_1769@mail.com,afUoHfsd
1770,Yvonne,Yerkovich,_1770@mail.com,RHjofY
1771,Jobi,Regan,_1771@mail.com,IFUtKJtb
1772,Lynde,Deny,_1772@mail.com,hqLJkSmZ
1773,Vinita,Byrne,_1773@mail.com,sGCXFf
1774,Kelly,Smitt,_1774@mail.com,PSlpYh
1775,Eolanda,Secrest,_1775@mail.com,OgnnGK
1776,Lexine,Lunsford,_1776@mail.com,aYvIhITO
1777,Allis,Khorma,_1777@mail.com,IFSEYwkN
1778,Dorthy,Adlare,_1778@mail.com,OaPdke
1779,Winny,Naashom,_1779@mail.com,tsVMkmt
1780,Orsola,Chick,_1780@mail.com,KAMiDSp
1781,Grier,Glenden,_1781@mail.com,uyMAQDm
1782,Fred,Gino,_1782@mail.com,xVPEAaih
1783,Drucie,Meter,_1783@mail.com,rMHVnwN
1784,Bobinette,Terrence,_1784@mail.com,NUHNQAmL
1785,Allyce,Carleen,_1785@mail.com,IiwLjH
1786,Calla,Tamsky,_1786@mail.com,SSspxm
1787,Fawne,Girardo,_1787@mail.com,bHtOOii
1788,Delilah,Lenny,_1788@mail.com,iPWvLZ
1789,Lanae,Sallyann,_1789@mail.com,DbEDOJ
1790,Nickie,Arley,_1790@mail.com,mOoHZuiz
1791,Beatriz,Schlosser,_1791@mail.com,gzgVzGw
1792,Carmela,Mathilde,_1792@mail.com,BTEjyB
1793,Wynne,Georgy,_1793@mail.com,vjAqzm
1794,Sheelagh,Strephon,_1794@mail.com,ZlEPrlx
1795,Cindelyn,Prober,_1795@mail.com,kzWkksH
1796,Emma,Phi,_1796@mail.com,pMGbXZ
1797,Kittie,Drisko,_1797@mail.com,VUlJUunM
1798,Cordi,Cressida,_1798@mail.com,iftVkXbQ
1799,Patricia,Barrus,_1799@mail.com,MtHShS
1800,Chastity,Howlyn,_1800@mail.com,NYsGHub
1801,Adelle,Allina,_1801@mail.com,QwaiGYdC
1802,Benita,Presber,_1802@mail.com,YDHIZi
1803,Fernande,Gwenore,_1803@mail.com,AUXFmcK
1804,Philis,Gordon,_1804@mail.com,ZaOsbuHA
1805,Pamella,Bonilla,_1805@mail.com,JvYCnFB
1806,Demetris,Brady,_1806@mail.com,zHNtfAxK
1807,Shaine,Valerio,_1807@mail.com,JAbTFJWe
1808,Allis,Eliathas,_1808@mail.com,WaGNWn
1809,Vere,Zola,_1809@mail.com,DVqBQQHY
1810,Claresta,Kaete,_1810@mail.com,NBSwpocq
1811,Celene,Cohdwell,_1811@mail.com,obVchR
1812,Leona,Shields,_1812@mail.com,xalqkmX
1813,Caryl,Casimir,_1813@mail.com,cxXBsrAm
1814,Eadie,Auberbach,_1814@mail.com,npBzhr
1815,Ida,Corilla,_1815@mail.com,KEZjGQa
1816,Carmela,Rillings,_1816@mail.com,iRrRGpJu
1817,Danny,Ophelia,_1817@mail.com,MCagyjZO
1818,Ashlee,Stephie,_1818@mail.com,bORngrD
1819,Gloria,Clarissa,_1819@mail.com,phMWFdN
1820,Cristine,Revkah,_1820@mail.com,hQMqQNF
1821,Mireielle,Sandye,_1821@mail.com,AhSiQlv
1822,Nikki,Mauer,_1822@mail.com,mqiELhTr
1823,Babita,Chick,_1823@mail.com,kkJySGcM
1824,Allyce,Ciapas,_1824@mail.com,JFibnym
1825,Tracey,Rozanna,_1825@mail.com,rcMuyX
1826,Glynnis,Pearse,_1826@mail.com,WlvxwxKe
1827,Dari,Talia,_1827@mail.com,rWtEOSCZ
1828,Modestia,Pierette,_1828@mail.com,jXFkZm
1829,Kristan,Rodmann,_1829@mail.com,ZekRztVC
1830,Atlanta,Erminia,_1830@mail.com,AlmEIbO
1831,Jinny,Rillings,_1831@mail.com,WNjwWHRL
1832,Steffane,Torray,_1832@mail.com,DSBNIvvg
1833,Kary,Curren,_1833@mail.com,uKIfIA
1834,Lindie,Wolfgram,_1834@mail.com,IIXFdbvK
1835,Jillayne,Michella,_1835@mail.com,gFSrKmo
1836,Genevra,Hartnett,_1836@mail.com,MkUGJk
1837,Kenna,Cleavland,_1837@mail.com,zYOUil
1838,Jinny,Dyche,_1838@mail.com,RAGnxLcn
1839,Sharlene,Bobbee,_1839@mail.com,imORjox
1840,Sean,Cullin,_1840@mail.com,hgFyfbUg
1841,Roxane,Cath,_1841@mail.com,espdhhh
1842,Cyb,Ulphia,_1842@mail.com,hmCfextH
1843,Helena,Bevin,_1843@mail.com,IBgTjg
1844,Candi,Infield,_1844@mail.com,EFzQQkcP
1845,Dode,Teddman,_1845@mail.com,udjhCCmO
1846,Blake,Hanshaw,_1846@mail.com,gVeWMc
1847,Mireielle,Anselmi,_1847@mail.com,Bxqalw
1848,Claudina,Stelle,_1848@mail.com,uvFAEK
1849,Roz,Hilbert,_1849@mail.com,sRmmnZl
1850,Damaris,Edvard,_1850@mail.com,wvNvFUS
1851,Aurore,Wilkinson,_1851@mail.com,tpHDygCU
1852,Melisent,Delp,_1852@mail.com,zUCvEs
1853,Wendi,Westphal,_1853@mail.com,NLxXHmA
1854,Barbara,Sherfield,_1854@mail.com,JECPHPE
1855,Jaclyn,Wildermuth,_1855@mail.com,PtAmTHl
1856,Louella,Kendrick,_1856@mail.com,rOSHbxOv
1857,Hettie,Imelida,_1857@mail.com,EjDgej
1858,Roslyn,Carey,_1858@mail.com,UTqiVB
1859,Gwenneth,Jena,_1859@mail.com,esjhqAT
1860,Kayla,Minetta,_1860@mail.com,YZiAznWn
1861,Shaylyn,Freddi,_1861@mail.com,lUsGRzX
1862,Kalina,Cookie,_1862@mail.com,MELEtW
1863,Marguerite,Corilla,_1863@mail.com,ztVWNB
1864,Norine,Rhu,_1864@mail.com,qOXjhFkS
1865,Hayley,Jalbert,_1865@mail.com,smtKWW
1866,Lorne,Charmine,_1866@mail.com,wrHzJNIv
1867,Pearline,Hilbert,_1867@mail.com,AVxhZfFJ
1868,Danika,Delacourt,_1868@mail.com,uHAkDC
1869,Eve,Odell,_1869@mail.com,efmdbDe
1870,Marline,Sundin,_1870@mail.com,tQGdqmEk
1871,Marcelline,Delp,_1871@mail.com,MEPboIA
1872,Karolina,Emmaline,_1872@mail.com,zFhAqBX
1873,Ezmeralda,Glenden,_1873@mail.com,aLUMWs
1874,Hildegaard,Ax,_1874@mail.com,gFANKE
1875,Stephanie,Ariella,_1875@mail.com,nIVdJcl
1876,Nikki,Ciro,_1876@mail.com,LGldmWE
1877,Luci,Reinke,_1877@mail.com,LAyUEsYj
1878,Brana,Madelene,_1878@mail.com,gVHZUQi
1879,Jacquetta,Wandie,_1879@mail.com,SHxHQV
1880,Corly,Adalbert,_1880@mail.com,hlvBDMv
1881,Estell,Daveta,_1881@mail.com,moeEfvc
1882,Adelle,Stefa,_1882@mail.com,WWOaVtjd
1883,Lauryn,Toor,_1883@mail.com,tewyNS
1884,Ottilie,Caitlin,_1884@mail.com,WTglUf
1885,Tarra,Shaver,_1885@mail.com,oBBxDm
1886,Keelia,Orlene,_1886@mail.com,OITSMspn
1887,Shell,Thar,_1887@mail.com,iHDaNa
1888,Mary,Melony,_1888@mail.com,KGFovdL
1889,Johna,Aprile,_1889@mail.com,tLfwWai
1890,Lita,Goddard,_1890@mail.com,SNsapq
1891,Ernesta,Orpah,_1891@mail.com,nEErgyl
1892,Orelia,Craggie,_1892@mail.com,eSADQaI
1893,Letizia,Lenny,_1893@mail.com,eTQoci
1894,Lexine,Goode,_1894@mail.com,ShkAagL
1895,Beth,Nicoline,_1895@mail.com,piRhBoZF
1896,Almeta,Cullin,_1896@mail.com,kFldKfEt
1897,Selia,Avi,_1897@mail.com,BYpOVVW
1898,Lolita,Toor,_1898@mail.com,hLCrkqyt
1899,Alisha,Kevon,_1899@mail.com,ejIRqMch
1900,Konstance,Esmaria,_1900@mail.com,AZwoZbRK
1901,Alyda,Caitlin,_1901@mail.com,QIZvvCDl
1902,Sybille,Parsaye,_1902@mail.com,zhOmAq
1903,Zia,Therine,_1903@mail.com,YrWHzjy
1904,Lindie,Land,_1904@mail.com,CyGvYBHs
1905,Dawn,Guildroy,_1905@mail.com,MEgXHKj
1906,Ira,Jalbert,_1906@mail.com,HUhQhf
1907,Chere,Jillane,_1907@mail.com,lKZCbqdp
1908,Ketti,Jefferey,_1908@mail.com,eyUPFE
1909,Violet,Boehike,_1909@mail.com,rrClftjO
1910,Taffy,Carleen,_1910@mail.com,BLVDreP
1911,Margalo,Joli,_1911@mail.com,gQuHYUc
1912,Brana,Kalinda,_1912@mail.com,RvoPpnN
1913,Ericka,Erskine,_1913@mail.com,BbBLGo
1914,Lenna,Autrey,_1914@mail.com,PwZVJyX
1915,Kial,Tryck,_1915@mail.com,RDKNQF
1916,Doro,Socha,_1916@mail.com,OWWuTP
1917,Bibby,Simmonds,_1917@mail.com,poUPGwAb
1918,Hollie,Edmund,_1918@mail.com,DpEMVlIm
1919,Kirstin,Buttaro,_1919@mail.com,NShUfiJu
1920,Marita,Parsaye,_1920@mail.com,qaySdmf
1921,Brandise,Soneson,_1921@mail.com,rrnctN
1922,Mureil,Linehan,_1922@mail.com,phubcrf
1923,Nadine,Vacuva,_1923@mail.com,RzhdTNm
1924,Adelle,Codding,_1924@mail.com,PDeUZpDk
1925,Cherrita,Berne,_1925@mail.com,NMwtxZV
1926,Anestassia,Hazlett,_1926@mail.com,gzvuvr
1927,Eve,Tamar,_1927@mail.com,VdRYpg
1928,Sheree,Bivins,_1928@mail.com,UckpJHc
1929,Gui,Loring,_1929@mail.com,XfOAvB
1930,Kirbee,Barney,_1930@mail.com,XvBShWZa
1931,Jeanna,Orlene,_1931@mail.com,OlxUEmJz
1932,Meg,Bevin,_1932@mail.com,OLIbsYz
1933,Christy,Dituri,_1933@mail.com,MHGAoN
1934,Dari,Jagir,_1934@mail.com,EqKYeSJ
1935,Aimil,Gualtiero,_1935@mail.com,vTCENlS
1936,Georgetta,Prober,_1936@mail.com,YDkOEXz
1937,Gwyneth,Serilda,_1937@mail.com,OhiHfwx
1938,Orsola,Gherardo,_1938@mail.com,dfkJpDeo
1939,Hettie,Lacombe,_1939@mail.com,PnUEYM
1940,Valera,Warthman,_1940@mail.com,KqWUsOT
1941,Dulcinea,McCutcheon,_1941@mail.com,qURAPiwU
1942,Helena,Cynar,_1942@mail.com,WMLlTslv
1943,Gerrie,Therine,_1943@mail.com,PLThkeU
1944,Frank,Podvin,_1944@mail.com,gQtmmfp
1945,Sonni,Wind,_1945@mail.com,GdXQDWe
1946,Dale,Mich,_1946@mail.com,DOmDLblo
1947,Tomasina,Weaks,_1947@mail.com,vkFlTF
1948,Alejandra,Norrie,_1948@mail.com,IPpnLa
1949,Jennica,Greenwald,_1949@mail.com,fjhuLhcC
1950,Marcelline,Uund,_1950@mail.com,LEHjHb
1951,Dyann,Moseley,_1951@mail.com,GjnLbR
1952,Britni,Parsaye,_1952@mail.com,YVOiDa
1953,Vevay,Lail,_1953@mail.com,APjNdOq
1954,Karlee,Rheingold,_1954@mail.com,UQJiUvGZ
1955,Fanchon,Devlen,_1955@mail.com,LCjqkyy
1956,Layla,Dorothy,_1956@mail.com,nwLnKSaQ
1957,Ruthe,Bobbee,_1957@mail.com,BibjYPNO
1958,Adelle,Crudden,_1958@mail.com,PZelkIim
1959,Elmira,Maiah,_1959@mail.com,rAdesd
1960,Genovera,Francyne,_1960@mail.com,hqQYhVGQ
1961,Alisha,Santoro,_1961@mail.com,QhCyoqtS
1962,Pearline,Nisbet,_1962@mail.com,PBLvBo
1963,Steffane,Posner,_1963@mail.com,uuIgVo
1964,Gerrie,Tristram,_1964@mail.com,AaaKUGsB
1965,Ulrike,Lipson,_1965@mail.com,wrJyQj
1966,Kittie,Durante,_1966@mail.com,cSOvau
1967,Eadie,Raychel,_1967@mail.com,XcLHyWYF
1968,Florie,Bouchard,_1968@mail.com,vIGyHZRs
1969,Mellicent,Kiyoshi,_1969@mail.com,muFpYjk
1970,Di,Grayce,_1970@mail.com,hVnKAGm
1971,Edith,Turne,_1971@mail.com,dZVZVt
1972,Jenda,Toni,_1972@mail.com,LohqFTMN
1973,Mathilda,Moina,_1973@mail.com,sYKIhX
1974,Dania,Zachary,_1974@mail.com,mKJqasvT
1975,Yolane,Bahr,_1975@mail.com,gLnzeeH
1976,Chloris,Argus,_1976@mail.com,rvdpwcVV
1977,Rhoda,Milson,_1977@mail.com,FovgKGS
1978,Celestyna,Billye,_1978@mail.com,HqCIGmEO
1979,Loree,Garek,_1979@mail.com,HsasLnah
1980,Vita,Cordi,_1980@mail.com,UsFbfGb
1981,Katuscha,Sheng,_1981@mail.com,DsNVuKPz
1982,Fanchon,Egbert,_1982@mail.com,vQgggpCA
1983,Brandise,Natalia,_1983@mail.com,HwxXIe
1984,Wendi,Vorster,_1984@mail.com,rUyUUB
1985,Justinn,Engdahl,_1985@mail.com,bIxkLdrk
1986,Fidelia,Cristi,_1986@mail.com,OYhMmkuq
1987,Ursulina,Jary,_1987@mail.com,cfvapHq
1988,Orsola,Granoff,_1988@mail.com,voinDgxc
1989,Delilah,Lumbard,_1989@mail.com,pwtuPJu
1990,Drucie,Hathaway,_1990@mail.com,yjqIvgSK
1991,Louella,Saunderson,_1991@mail.com,RkOvpw
1992,Sheelagh,Serilda,_1992@mail.com,pCbqiHY
1993,Lesly,Brodench,_1993@mail.com,teYxdtq
1994,Deedee,Sundin,_1994@mail.com,CUihcV
1995,Mallory,Ortrude,_1995@mail.com,WSiuXgXV
1996,Concettina,Georgy,_1996@mail.com,pRbtzb
1997,Taffy,Forrer,_1997@mail.com,SOaTjlCV
1998,Justinn,Middleton,_1998@mail.com,rrlKpd
1999,Lulita,Amand,_1999@mail.com,JdGVVVk
2000,Thalia,Joeann,_2000@mail.com,aygjDa